Channel;VariantID;PhotoType;Sensitive
MRP;5526882328029445;bk;FALSE
MRP;5526882328029445;cu;FALSE
MRP;5526882328029445;e1;FALSE
MRP;5526882328029445;fr;FALSE
MRP;5526882328029445;in;FALSE
MRP;5526882328029445;ou;FALSE
MRP;5526882328029434;bk;FALSE
MRP;5526882328029434;cu;FALSE
MRP;5526882328029434;e1;FALSE
MRP;5526882328029434;fr;FALSE
MRP;5526882328029434;in;FALSE
MRP;5526882328029434;ou;FALSE
MRP;5526882328029434;sw;FALSE
MRP;5526882328029415;bk;FALSE
MRP;5526882328029415;cu;FALSE
MRP;5526882328029415;e1;FALSE
MRP;5526882328029415;fr;FALSE
MRP;5526882328029415;in;FALSE
MRP;5526882328029415;ou;FALSE
MRP;5526882328029415;sw;FALSE
MRP;5526882328029437;bk;FALSE
MRP;5526882328029437;cu;FALSE
MRP;5526882328029437;e1;FALSE
MRP;5526882328029437;fr;FALSE
MRP;5526882328029437;in;FALSE
MRP;5526882328029437;ou;FALSE
MRP;5526882328029437;sw;FALSE
MRP;5526882328029457;bk;FALSE
MRP;5526882328029457;cu;FALSE
MRP;5526882328029457;e1;FALSE
MRP;5526882328029457;fr;FALSE
MRP;5526882328029457;in;FALSE
MRP;5526882328029457;ou;FALSE
MRP;5526882328029457;sw;FALSE
MRP;2307389542101474;bk;FALSE
MRP;2307389542101474;cu;FALSE
MRP;2307389542101474;e1;FALSE
MRP;2307389542101474;fr;FALSE
MRP;2307389542101474;in;FALSE
MRP;2307389542101474;ou;FALSE
MRP;2307389542101474;sw;FALSE
MRP;2307389542101483;bk;FALSE
MRP;2307389542101483;cu;FALSE
MRP;2307389542101483;e1;FALSE
MRP;2307389542101483;fr;FALSE
MRP;2307389542101483;in;FALSE
MRP;2307389542101483;ou;FALSE
MRP;2307389542101483;sw;FALSE
MRP;5983760398463690;bk;FALSE
MRP;5983760398463690;cu;FALSE
MRP;5983760398463690;e1;FALSE
MRP;5983760398463690;fr;FALSE
MRP;5983760398463690;in;FALSE
MRP;5983760398463690;ou;FALSE
MRP;5983760398463690;sw;FALSE
MRP;5983760398463707;bk;FALSE
MRP;5983760398463707;cu;FALSE
MRP;5983760398463707;e1;FALSE
MRP;5983760398463707;fr;FALSE
MRP;5983760398463707;in;FALSE
MRP;5983760398463707;ou;FALSE
MRP;5983760398463707;sw;FALSE
MRP;5983760398463691;bk;FALSE
MRP;5983760398463691;cu;FALSE
MRP;5983760398463691;e1;FALSE
MRP;5983760398463691;fr;FALSE
MRP;5983760398463691;in;FALSE
MRP;5983760398463691;ou;FALSE
MRP;5983760398463691;sw;FALSE
MRP;2307389542181700;bk;FALSE
MRP;2307389542181700;cu;FALSE
MRP;2307389542181700;e1;FALSE
MRP;2307389542181700;e2;FALSE
MRP;2307389542181700;e3;FALSE
MRP;2307389542181700;e4;FALSE
MRP;2307389542181700;in;FALSE
MRP;2307389542181700;ou;FALSE
MRP;2307389542181700;sw;FALSE
MRP;2307389542182497;bk;FALSE
MRP;2307389542182497;cu;FALSE
MRP;2307389542182497;e1;FALSE
MRP;2307389542182497;e2;FALSE
MRP;2307389542182497;e3;FALSE
MRP;2307389542182497;e4;FALSE
MRP;2307389542182497;in;FALSE
MRP;2307389542182497;ou;FALSE
MRP;2307389542182497;sw;FALSE
MRP;2307389542181046;bk;FALSE
MRP;2307389542181046;cu;FALSE
MRP;2307389542181046;e1;FALSE
MRP;2307389542181046;e2;FALSE
MRP;2307389542181046;fr;FALSE
MRP;2307389542181046;in;FALSE
MRP;2307389542181046;ou;FALSE
MRP;2307389542181046;sw;FALSE
MRP;2307389542181041;bk;FALSE
MRP;2307389542181041;cu;FALSE
MRP;2307389542181041;e1;FALSE
MRP;2307389542181041;fr;FALSE
MRP;2307389542181041;in;FALSE
MRP;2307389542181041;ou;FALSE
MRP;2307389542181041;sw;FALSE
MRP;2307389542181261;bk;FALSE
MRP;2307389542181261;cu;FALSE
MRP;2307389542181261;e1;FALSE
MRP;2307389542181261;e2;FALSE
MRP;2307389542181261;fr;FALSE
MRP;2307389542181261;in;FALSE
MRP;2307389542181261;ou;FALSE
MRP;2307389542181261;sw;FALSE
MRP;2307389542180604;bk;FALSE
MRP;2307389542180604;cu;FALSE
MRP;2307389542180604;e1;FALSE
MRP;2307389542180604;fr;FALSE
MRP;2307389542180604;in;FALSE
MRP;2307389542180604;ou;FALSE
MRP;2307389542180604;sw;FALSE
MRP;2307389542179612;bk;FALSE
MRP;2307389542179612;cu;FALSE
MRP;2307389542179612;e1;FALSE
MRP;2307389542179612;fr;FALSE
MRP;2307389542179612;in;FALSE
MRP;2307389542179612;ou;FALSE
MRP;2307389542179612;sw;FALSE
MRP;2307389542180681;bk;FALSE
MRP;2307389542180681;cu;FALSE
MRP;2307389542180681;e1;FALSE
MRP;2307389542180681;fr;FALSE
MRP;2307389542180681;in;FALSE
MRP;2307389542180681;ou;FALSE
MRP;2307389542180681;sw;FALSE
MRP;2307389542180968;bk;FALSE
MRP;2307389542180968;cu;FALSE
MRP;2307389542180968;e1;FALSE
MRP;2307389542180968;fr;FALSE
MRP;2307389542180968;in;FALSE
MRP;2307389542180968;ou;FALSE
MRP;2307389542180968;sw;FALSE
MRP;2307389542182144;bk;FALSE
MRP;2307389542182144;cu;FALSE
MRP;2307389542182144;e1;FALSE
MRP;2307389542182144;fr;FALSE
MRP;2307389542182144;in;FALSE
MRP;2307389542182144;ou;FALSE
MRP;2307389542182144;sw;FALSE
MRP;2307389542181922;cu;FALSE
MRP;2307389542181922;in;FALSE
MRP;2307389542181922;ou;FALSE
MRP;2307389542181922;sw;FALSE
MRP;2307389542181480;cu;FALSE
MRP;2307389542181480;in;FALSE
MRP;2307389542181480;ou;FALSE
MRP;2307389542181480;sw;FALSE
MRP;2307389542179758;cu;FALSE
MRP;2307389542179758;in;FALSE
MRP;2307389542179758;ou;FALSE
MRP;2307389542179758;sw;FALSE
MRP;2307389542179823;cu;FALSE
MRP;2307389542179823;in;FALSE
MRP;2307389542179823;ou;FALSE
MRP;2307389542179823;sw;FALSE
MRP;2307389542181555;cu;FALSE
MRP;2307389542181555;in;FALSE
MRP;2307389542181555;ou;FALSE
MRP;2307389542181555;sw;FALSE
MRP;2307389542181269;bk;FALSE
MRP;2307389542181269;cu;FALSE
MRP;2307389542181269;e1;FALSE
MRP;2307389542181269;e2;FALSE
MRP;2307389542181269;fr;FALSE
MRP;2307389542181269;in;FALSE
MRP;2307389542181269;ou;FALSE
MRP;2307389542181269;sw;FALSE
MRP;2307389542181626;bk;FALSE
MRP;2307389542181626;cu;FALSE
MRP;2307389542181626;e1;FALSE
MRP;2307389542181626;fr;FALSE
MRP;2307389542181626;in;FALSE
MRP;2307389542181626;ou;FALSE
MRP;2307389542181626;sw;FALSE
MRP;2307389542180971;bk;FALSE
MRP;2307389542180971;cu;FALSE
MRP;2307389542180971;e1;FALSE
MRP;2307389542180971;fr;FALSE
MRP;2307389542180971;in;FALSE
MRP;2307389542180971;ou;FALSE
MRP;2307389542180971;sw;FALSE
MRP;2307389542181990;bk;FALSE
MRP;2307389542181990;cu;FALSE
MRP;2307389542181990;e1;FALSE
MRP;2307389542181990;fr;FALSE
MRP;2307389542181990;in;FALSE
MRP;2307389542181990;ou;FALSE
MRP;2307389542181990;sw;FALSE
MRP;2307389542182287;bk;FALSE
MRP;2307389542182287;cu;FALSE
MRP;2307389542182287;e1;FALSE
MRP;2307389542182287;fr;FALSE
MRP;2307389542182287;in;FALSE
MRP;2307389542182287;ou;FALSE
MRP;2307389542182287;sw;FALSE
MRP;2307389542181193;bk;FALSE
MRP;2307389542181193;cu;FALSE
MRP;2307389542181193;e1;FALSE
MRP;2307389542181193;fr;FALSE
MRP;2307389542181193;in;FALSE
MRP;2307389542181193;ou;FALSE
MRP;2307389542181193;sw;FALSE
MRP;2307389542181631;bk;FALSE
MRP;2307389542181631;cu;FALSE
MRP;2307389542181631;e1;FALSE
MRP;2307389542181631;fr;FALSE
MRP;2307389542181631;in;FALSE
MRP;2307389542181631;ou;FALSE
MRP;2307389542181631;sw;FALSE
MRP;2307389542181915;bk;FALSE
MRP;2307389542181915;cu;FALSE
MRP;2307389542181915;e1;FALSE
MRP;2307389542181915;fr;FALSE
MRP;2307389542181915;in;FALSE
MRP;2307389542181915;ou;FALSE
MRP;2307389542181915;sw;FALSE
MRP;2307389542180826;bk;FALSE
MRP;2307389542180826;cu;FALSE
MRP;2307389542180826;e1;FALSE
MRP;2307389542180826;fr;FALSE
MRP;2307389542180826;in;FALSE
MRP;2307389542180826;ou;FALSE
MRP;2307389542180826;sw;FALSE
MRP;2307389542181267;bk;FALSE
MRP;2307389542181267;cu;FALSE
MRP;2307389542181267;e1;FALSE
MRP;2307389542181267;fr;FALSE
MRP;2307389542181267;in;FALSE
MRP;2307389542181267;ou;FALSE
MRP;2307389542181267;sw;FALSE
MRP;2307389542179825;bk;FALSE
MRP;2307389542179825;cu;FALSE
MRP;2307389542179825;e1;FALSE
MRP;2307389542179825;e2;FALSE
MRP;2307389542179825;e3;FALSE
MRP;2307389542179825;fr;FALSE
MRP;2307389542179825;in;FALSE
MRP;2307389542179825;ou;FALSE
MRP;2307389542179825;sw;FALSE
MRP;2307389542181487;bk;FALSE
MRP;2307389542181487;cu;FALSE
MRP;2307389542181487;e1;FALSE
MRP;2307389542181487;e2;FALSE
MRP;2307389542181487;e3;FALSE
MRP;2307389542181487;fr;FALSE
MRP;2307389542181487;in;FALSE
MRP;2307389542181487;ou;FALSE
MRP;2307389542181487;sw;FALSE
MRP;2307389542181696;bk;FALSE
MRP;2307389542181696;cu;FALSE
MRP;2307389542181696;e1;FALSE
MRP;2307389542181696;e2;FALSE
MRP;2307389542181696;e3;FALSE
MRP;2307389542181696;fr;FALSE
MRP;2307389542181696;in;FALSE
MRP;2307389542181696;ou;FALSE
MRP;2307389542181696;sw;FALSE
MRP;2307389542181409;bk;FALSE
MRP;2307389542181409;cu;FALSE
MRP;2307389542181409;e1;FALSE
MRP;2307389542181409;e2;FALSE
MRP;2307389542181409;e3;FALSE
MRP;2307389542181409;fr;FALSE
MRP;2307389542181409;in;FALSE
MRP;2307389542181409;ou;FALSE
MRP;2307389542181409;sw;FALSE
MRP;2307389542181770;bk;FALSE
MRP;2307389542181770;cu;FALSE
MRP;2307389542181770;e1;FALSE
MRP;2307389542181770;e2;FALSE
MRP;2307389542181770;e3;FALSE
MRP;2307389542181770;fr;FALSE
MRP;2307389542181770;in;FALSE
MRP;2307389542181770;ou;FALSE
MRP;2307389542181770;sw;FALSE
MRP;2307389542181992;bk;FALSE
MRP;2307389542181992;cu;FALSE
MRP;2307389542181992;e1;FALSE
MRP;2307389542181992;e2;FALSE
MRP;2307389542181992;e3;FALSE
MRP;2307389542181992;fr;FALSE
MRP;2307389542181992;in;FALSE
MRP;2307389542181992;ou;FALSE
MRP;2307389542181992;sw;FALSE
MRP;2307389542181995;cu;FALSE
MRP;2307389542181995;in;FALSE
MRP;2307389542181995;ou;FALSE
MRP;2307389542181995;sw;FALSE
MRP;5432698981535604;bk;FALSE
MRP;5432698981535604;cu;FALSE
MRP;5432698981535604;e1;FALSE
MRP;5432698981535604;in;FALSE
MRP;5432698981535604;ou;FALSE
MRP;5432698981535604;sw;FALSE
MRP;5526882328029371;bk;FALSE
MRP;5526882328029371;cu;FALSE
MRP;5526882328029371;e1;FALSE
MRP;5526882328029371;fr;FALSE
MRP;5526882328029371;in;FALSE
MRP;5526882328029371;ou;FALSE
MRP;5526882328029371;sw;FALSE
MRP;5526882328029374;bk;FALSE
MRP;5526882328029374;cu;FALSE
MRP;5526882328029374;e1;FALSE
MRP;5526882328029374;fr;FALSE
MRP;5526882328029374;in;FALSE
MRP;5526882328029374;ou;FALSE
MRP;5526882328029374;sw;FALSE
MRP;5526882328029370;bk;FALSE
MRP;5526882328029370;cu;FALSE
MRP;5526882328029370;e1;FALSE
MRP;5526882328029370;fr;FALSE
MRP;5526882328029370;in;FALSE
MRP;5526882328029370;ou;FALSE
MRP;5526882328029370;sw;FALSE
MRP;5983760397729772;cu;FALSE
MRP;5983760397729772;e1;FALSE
MRP;5983760397729772;in;FALSE
MRP;5983760397729772;sw;FALSE
MRP;5983760397729785;bk;FALSE
MRP;5983760397729785;cu;FALSE
MRP;5983760397729785;e1;FALSE
MRP;5983760397729785;in;FALSE
MRP;5983760397729785;sw;FALSE
MRP;5983760397729782;cu;FALSE
MRP;5983760397729782;e1;FALSE
MRP;5983760397729782;in;FALSE
MRP;5983760397729782;sw;FALSE
MRP;5983760397729776;cu;FALSE
MRP;5983760397729776;e1;FALSE
MRP;5983760397729776;in;FALSE
MRP;5983760397729776;sw;FALSE
MRP;5983760397729799;cu;FALSE
MRP;5983760397729799;e1;FALSE
MRP;5983760397729799;in;FALSE
MRP;5983760397729799;sw;FALSE
MRP;5983760397729787;cu;FALSE
MRP;5983760397729787;e1;FALSE
MRP;5983760397729787;in;FALSE
MRP;5983760397729787;sw;FALSE
MRP;5983760397729794;bk;FALSE
MRP;5983760397729794;cu;FALSE
MRP;5983760397729794;in;FALSE
MRP;5983760397729794;ou;FALSE
MRP;5983760397729794;sw;FALSE
MRP;5983760397729811;bk;FALSE
MRP;5983760397729811;cu;FALSE
MRP;5983760397729811;in;FALSE
MRP;5983760397729811;ou;FALSE
MRP;5983760397729811;sw;FALSE
MRP;5983760397729773;bk;FALSE
MRP;5983760397729773;cu;FALSE
MRP;5983760397729773;in;FALSE
MRP;5983760397729773;ou;FALSE
MRP;5983760397729773;sw;FALSE
MRP;5983760397729781;bk;FALSE
MRP;5983760397729781;cu;FALSE
MRP;5983760397729781;in;FALSE
MRP;5983760397729781;ou;FALSE
MRP;5983760397729781;sw;FALSE
MRP;5983760397729775;bk;FALSE
MRP;5983760397729775;cu;FALSE
MRP;5983760397729775;e1;FALSE
MRP;5983760397729775;fr;FALSE
MRP;5983760397729775;in;FALSE
MRP;5983760397729775;ou;FALSE
MRP;5983760397729775;sw;FALSE
MRP;5983760397729790;bk;FALSE
MRP;5983760397729790;cu;FALSE
MRP;5983760397729790;e1;FALSE
MRP;5983760397729790;in;FALSE
MRP;5983760397729790;ou;FALSE
MRP;5983760397729790;sw;FALSE
MRP;5983760397729778;bk;FALSE
MRP;5983760397729778;cu;FALSE
MRP;5983760397729778;e1;FALSE
MRP;5983760397729778;in;FALSE
MRP;5983760397729778;ou;FALSE
MRP;5983760397729778;sw;FALSE
MRP;5983760397729780;bk;FALSE
MRP;5983760397729780;cu;FALSE
MRP;5983760397729780;e1;FALSE
MRP;5983760397729780;fr;FALSE
MRP;5983760397729780;in;FALSE
MRP;5983760397729780;ou;FALSE
MRP;5983760397729780;sw;FALSE
MRP;547799495832954;e1;FALSE
MRP;547799495832954;fr;FALSE
MRP;547799495832954;in;FALSE
MRP;547799495832954;sw;FALSE
MRP;547799495832942;e1;FALSE
MRP;547799495832942;e2;FALSE
MRP;547799495832942;fr;FALSE
MRP;547799495832942;in;FALSE
MRP;547799495832942;sw;FALSE
MRP;547799495832948;e1;FALSE
MRP;547799495832948;fr;FALSE
MRP;547799495832948;in;FALSE
MRP;547799495832948;sw;FALSE
MRP;547799495832958;bk;FALSE
MRP;547799495832958;cu;FALSE
MRP;547799495832958;e1;FALSE
MRP;547799495832958;e2;FALSE
MRP;547799495832958;in;FALSE
MRP;547799495832958;ou;FALSE
MRP;547799495832958;sw;FALSE
MRP;547799495832955;bk;FALSE
MRP;547799495832955;cu;FALSE
MRP;547799495832955;e1;FALSE
MRP;547799495832955;in;FALSE
MRP;547799495832955;ou;FALSE
MRP;547799495832955;sw;FALSE
MRP;547799495832945;bk;FALSE
MRP;547799495832945;cu;FALSE
MRP;547799495832945;e1;FALSE
MRP;547799495832945;in;FALSE
MRP;547799495832945;ou;FALSE
MRP;547799495832945;sw;FALSE
MRP;547799495832946;bk;FALSE
MRP;547799495832946;cu;FALSE
MRP;547799495832946;e1;FALSE
MRP;547799495832946;in;FALSE
MRP;547799495832946;sw;FALSE
MRP;547799495832949;bk;FALSE
MRP;547799495832949;cu;FALSE
MRP;547799495832949;e1;FALSE
MRP;547799495832949;in;FALSE
MRP;547799495832949;sw;FALSE
MRP;547799495832950;bk;FALSE
MRP;547799495832950;cu;FALSE
MRP;547799495832950;e1;FALSE
MRP;547799495832950;in;FALSE
MRP;547799495832950;ou;FALSE
MRP;547799495832950;sw;FALSE
MRP;547799495832956;bk;FALSE
MRP;547799495832956;cu;FALSE
MRP;547799495832956;e1;FALSE
MRP;547799495832956;e2;FALSE
MRP;547799495832956;in;FALSE
MRP;547799495832956;ou;FALSE
MRP;547799495832956;sw;FALSE
MRP;3983529959633834;bk;FALSE
MRP;3983529959633834;cu;FALSE
MRP;3983529959633834;e1;FALSE
MRP;3983529959633834;e2;FALSE
MRP;3983529959633834;e3;FALSE
MRP;3983529959633834;fr;FALSE
MRP;3983529959633834;in;FALSE
MRP;3983529959633834;ou;FALSE
MRP;3983529959633834;sw;FALSE
MRP;3983529959633839;bk;FALSE
MRP;3983529959633839;cu;FALSE
MRP;3983529959633839;e1;FALSE
MRP;3983529959633839;e2;FALSE
MRP;3983529959633839;e3;FALSE
MRP;3983529959633839;fr;FALSE
MRP;3983529959633839;in;FALSE
MRP;3983529959633839;ou;FALSE
MRP;3983529959633839;sw;FALSE
MRP;3983529959633837;bk;FALSE
MRP;3983529959633837;cu;FALSE
MRP;3983529959633837;e1;FALSE
MRP;3983529959633837;e2;FALSE
MRP;3983529959633837;e3;FALSE
MRP;3983529959633837;fr;FALSE
MRP;3983529959633837;in;FALSE
MRP;3983529959633837;ou;FALSE
MRP;3983529959633837;sw;FALSE
MRP;3983529959633831;bk;FALSE
MRP;3983529959633831;cu;FALSE
MRP;3983529959633831;e1;FALSE
MRP;3983529959633831;e2;FALSE
MRP;3983529959633831;fr;FALSE
MRP;3983529959633831;in;FALSE
MRP;3983529959633831;ou;FALSE
MRP;3983529959633831;sw;FALSE
MRP;3983529959633833;bk;FALSE
MRP;3983529959633833;cu;FALSE
MRP;3983529959633833;e1;FALSE
MRP;3983529959633833;e2;FALSE
MRP;3983529959633833;e3;FALSE
MRP;3983529959633833;fr;FALSE
MRP;3983529959633833;in;FALSE
MRP;3983529959633833;ou;FALSE
MRP;3983529959633833;sw;FALSE
MRP;3983529959633832;bk;FALSE
MRP;3983529959633832;cu;FALSE
MRP;3983529959633832;e1;FALSE
MRP;3983529959633832;e2;FALSE
MRP;3983529959633832;e3;FALSE
MRP;3983529959633832;fr;FALSE
MRP;3983529959633832;in;FALSE
MRP;3983529959633832;ou;FALSE
MRP;3983529959633832;sw;FALSE
MRP;3983529957918603;bk;FALSE
MRP;3983529957918603;cu;FALSE
MRP;3983529957918603;e1;FALSE
MRP;3983529957918603;e2;FALSE
MRP;3983529957918603;e3;FALSE
MRP;3983529957918603;fr;FALSE
MRP;3983529957918603;in;FALSE
MRP;3983529957918603;ou;FALSE
MRP;3983529957918603;sw;FALSE
MRP;2307389542181291;bk;FALSE
MRP;2307389542181291;cu;FALSE
MRP;2307389542181291;e1;FALSE
MRP;2307389542181291;fr;FALSE
MRP;2307389542181291;in;FALSE
MRP;2307389542181291;ou;FALSE
MRP;2307389542181291;sw;FALSE
MRP;2307389542180774;bk;FALSE
MRP;2307389542180774;cu;FALSE
MRP;2307389542180774;e1;FALSE
MRP;2307389542180774;fr;FALSE
MRP;2307389542180774;in;FALSE
MRP;2307389542180774;ou;FALSE
MRP;2307389542180774;sw;FALSE
MRP;2307389542181731;bk;FALSE
MRP;2307389542181731;cu;FALSE
MRP;2307389542181731;e1;FALSE
MRP;2307389542181731;fr;FALSE
MRP;2307389542181731;in;FALSE
MRP;2307389542181731;ou;FALSE
MRP;2307389542181731;sw;FALSE
MRP;2307389542181441;bk;FALSE
MRP;2307389542181441;cu;FALSE
MRP;2307389542181441;e2;FALSE
MRP;2307389542181441;fr;FALSE
MRP;2307389542181441;in;FALSE
MRP;2307389542181441;ou;FALSE
MRP;2307389542181441;sw;FALSE
MRP;2307389542181585;bk;FALSE
MRP;2307389542181585;cu;FALSE
MRP;2307389542181585;e1;FALSE
MRP;2307389542181585;fr;FALSE
MRP;2307389542181585;in;FALSE
MRP;2307389542181585;ou;FALSE
MRP;2307389542181585;sw;FALSE
MRP;2307389542179713;bk;FALSE
MRP;2307389542179713;cu;FALSE
MRP;2307389542179713;e1;FALSE
MRP;2307389542179713;fr;FALSE
MRP;2307389542179713;in;FALSE
MRP;2307389542179713;ou;FALSE
MRP;2307389542179713;sw;FALSE
MRP;2307389542179522;bk;FALSE
MRP;2307389542179522;cu;FALSE
MRP;2307389542179522;e1;FALSE
MRP;2307389542179522;e2;FALSE
MRP;2307389542179522;in;FALSE
MRP;2307389542179522;ou;FALSE
MRP;2307389542179522;sw;FALSE
MRP;2307389542180660;bk;FALSE
MRP;2307389542180660;cu;FALSE
MRP;2307389542180660;e1;FALSE
MRP;2307389542180660;in;FALSE
MRP;2307389542180660;ou;FALSE
MRP;2307389542180660;sw;FALSE
MRP;2307389542179524;bk;FALSE
MRP;2307389542179524;cu;FALSE
MRP;2307389542179524;e1;FALSE
MRP;2307389542179524;in;FALSE
MRP;2307389542179524;ou;FALSE
MRP;2307389542179524;sw;FALSE
MRP;2307389542181098;bk;FALSE
MRP;2307389542181098;cu;FALSE
MRP;2307389542181098;e1;FALSE
MRP;2307389542181098;in;FALSE
MRP;2307389542181098;sw;FALSE
MRP;2307389542182123;bk;FALSE
MRP;2307389542182123;cu;FALSE
MRP;2307389542182123;e1;FALSE
MRP;2307389542182123;in;FALSE
MRP;2307389542182123;sw;FALSE
MRP;2307389542181679;cu;FALSE
MRP;2307389542181679;in;FALSE
MRP;2307389542181679;ou;FALSE
MRP;2307389542181679;sw;FALSE
MRP;2307389542179598;cu;FALSE
MRP;2307389542179598;in;FALSE
MRP;2307389542179598;ou;FALSE
MRP;2307389542179598;sw;FALSE
MRP;2307389542179738;cu;FALSE
MRP;2307389542179738;in;FALSE
MRP;2307389542179738;ou;FALSE
MRP;2307389542179738;sw;FALSE
MRP;2307389542180809;cu;FALSE
MRP;2307389542180809;e1;FALSE
MRP;2307389542180809;fr;FALSE
MRP;2307389542180809;in;FALSE
MRP;2307389542180809;sw;FALSE
MRP;2307389542180586;cu;FALSE
MRP;2307389542180586;e1;FALSE
MRP;2307389542180586;fr;FALSE
MRP;2307389542180586;in;FALSE
MRP;2307389542180586;sw;FALSE
MRP;5756269973102518;bk;FALSE
MRP;5756269973102518;cu;FALSE
MRP;5756269973102518;e1;FALSE
MRP;5756269973102518;fr;FALSE
MRP;5756269973102518;in;FALSE
MRP;5756269973102518;ou;FALSE
MRP;5756269973102518;sw;FALSE
MRP;5756269973102521;bk;FALSE
MRP;5756269973102521;cu;FALSE
MRP;5756269973102521;e1;FALSE
MRP;5756269973102521;fr;FALSE
MRP;5756269973102521;in;FALSE
MRP;5756269973102521;ou;FALSE
MRP;5756269973102508;bk;FALSE
MRP;5756269973102508;cu;FALSE
MRP;5756269973102508;e1;FALSE
MRP;5756269973102508;fr;FALSE
MRP;5756269973102508;in;FALSE
MRP;5756269973102508;ou;FALSE
MRP;5756269973102528;bk;FALSE
MRP;5756269973102528;cu;FALSE
MRP;5756269973102528;e1;FALSE
MRP;5756269973102528;fr;FALSE
MRP;5756269973102528;in;FALSE
MRP;5756269973102528;ou;FALSE
MRP;5756269973102528;sw;FALSE
MRP;5756269973102529;bk;FALSE
MRP;5756269973102529;cu;FALSE
MRP;5756269973102529;e1;FALSE
MRP;5756269973102529;fr;FALSE
MRP;5756269973102529;in;FALSE
MRP;5756269973102529;ou;FALSE
MRP;5756269973102529;sw;FALSE
MRP;5756269973102510;bk;FALSE
MRP;5756269973102510;cu;FALSE
MRP;5756269973102510;e1;FALSE
MRP;5756269973102510;fr;FALSE
MRP;5756269973102510;in;FALSE
MRP;5756269973102510;ou;FALSE
MRP;5756269973102510;sw;FALSE
MRP;5756269973102499;bk;FALSE
MRP;5756269973102499;cu;FALSE
MRP;5756269973102499;e1;FALSE
MRP;5756269973102499;fr;FALSE
MRP;5756269973102499;in;FALSE
MRP;5756269973102499;ou;FALSE
MRP;5756269973102499;sw;FALSE
MRP;5756269973102503;bk;FALSE
MRP;5756269973102503;cu;FALSE
MRP;5756269973102503;e1;FALSE
MRP;5756269973102503;fr;FALSE
MRP;5756269973102503;in;FALSE
MRP;5756269973102503;ou;FALSE
MRP;5756269973102503;sw;FALSE
MRP;5756269973102509;bk;FALSE
MRP;5756269973102509;cu;FALSE
MRP;5756269973102509;e1;FALSE
MRP;5756269973102509;fr;FALSE
MRP;5756269973102509;in;FALSE
MRP;5756269973102509;ou;FALSE
MRP;5756269973102509;sw;FALSE
MRP;5756269973102532;bk;FALSE
MRP;5756269973102532;cu;FALSE
MRP;5756269973102532;e1;FALSE
MRP;5756269973102532;fr;FALSE
MRP;5756269973102532;in;FALSE
MRP;5756269973102532;ou;FALSE
MRP;5756269973102532;sw;FALSE
MRP;5756269973102530;bk;FALSE
MRP;5756269973102530;cu;FALSE
MRP;5756269973102530;e1;FALSE
MRP;5756269973102530;fr;FALSE
MRP;5756269973102530;in;FALSE
MRP;5756269973102530;ou;FALSE
MRP;5756269973102530;sw;FALSE
MRP;5756269973102505;bk;FALSE
MRP;5756269973102505;cu;FALSE
MRP;5756269973102505;e1;FALSE
MRP;5756269973102505;fr;FALSE
MRP;5756269973102505;in;FALSE
MRP;5756269973102505;ou;FALSE
MRP;5756269973102505;sw;FALSE
MRP;5756269973102501;bk;FALSE
MRP;5756269973102501;cu;FALSE
MRP;5756269973102501;e1;FALSE
MRP;5756269973102501;fr;FALSE
MRP;5756269973102501;in;FALSE
MRP;5756269973102501;ou;FALSE
MRP;5756269973102501;sw;FALSE
MRP;5756269973102500;bk;FALSE
MRP;5756269973102500;cu;FALSE
MRP;5756269973102500;e1;FALSE
MRP;5756269973102500;fr;FALSE
MRP;5756269973102500;in;FALSE
MRP;5756269973102500;ou;FALSE
MRP;5756269973102500;sw;FALSE
MRP;5756269973102506;bk;FALSE
MRP;5756269973102506;cu;FALSE
MRP;5756269973102506;e1;FALSE
MRP;5756269973102506;fr;FALSE
MRP;5756269973102506;in;FALSE
MRP;5756269973102506;ou;FALSE
MRP;5756269973102506;sw;FALSE
MRP;5756269973102504;bk;FALSE
MRP;5756269973102504;cu;FALSE
MRP;5756269973102504;e1;FALSE
MRP;5756269973102504;fr;FALSE
MRP;5756269973102504;in;FALSE
MRP;5756269973102504;ou;FALSE
MRP;5756269973102504;sw;FALSE
MRP;5983760398223779;bk;FALSE
MRP;5983760398223779;cu;FALSE
MRP;5983760398223779;e1;FALSE
MRP;5983760398223779;fr;FALSE
MRP;5983760398223779;in;FALSE
MRP;5983760398223779;ou;FALSE
MRP;5983760398223779;sw;FALSE
MRP;3983529958022065;bk;FALSE
MRP;3983529958022065;cu;FALSE
MRP;3983529958022065;e1;FALSE
MRP;3983529958022065;e2;FALSE
MRP;3983529958022065;e3;FALSE
MRP;3983529958022065;fr;FALSE
MRP;3983529958022065;in;FALSE
MRP;3983529958022065;ou;FALSE
MRP;3983529958022065;sw;FALSE
MRP;3983529958022113;bk;FALSE
MRP;3983529958022113;cu;FALSE
MRP;3983529958022113;e1;FALSE
MRP;3983529958022113;e2;FALSE
MRP;3983529958022113;e3;FALSE
MRP;3983529958022113;fr;FALSE
MRP;3983529958022113;in;FALSE
MRP;3983529958022113;ou;FALSE
MRP;3983529958022113;sw;FALSE
MRP;666467151853188;bk;FALSE
MRP;666467151853188;cu;FALSE
MRP;666467151853188;e1;FALSE
MRP;666467151853188;in;FALSE
MRP;666467151853188;ou;FALSE
MRP;666467151853188;sw;FALSE
MRP;666467151853253;bk;FALSE
MRP;666467151853253;cu;FALSE
MRP;666467151853253;e1;FALSE
MRP;666467151853253;in;FALSE
MRP;666467151853253;ou;FALSE
MRP;666467151853253;sw;FALSE
MRP;666467151853263;bk;FALSE
MRP;666467151853263;cu;FALSE
MRP;666467151853263;e1;FALSE
MRP;666467151853263;in;FALSE
MRP;666467151853263;ou;FALSE
MRP;666467151853263;sw;FALSE
MRP;666467151853219;bk;FALSE
MRP;666467151853219;cu;FALSE
MRP;666467151853219;e1;FALSE
MRP;666467151853219;e2;FALSE
MRP;666467151853219;in;FALSE
MRP;666467151853219;ou;FALSE
MRP;666467151853219;sw;FALSE
MRP;666467151853254;bk;FALSE
MRP;666467151853254;cu;FALSE
MRP;666467151853254;e1;FALSE
MRP;666467151853254;in;FALSE
MRP;666467151853254;sw;FALSE
MRP;666467151853180;bk;FALSE
MRP;666467151853180;cu;FALSE
MRP;666467151853180;e1;FALSE
MRP;666467151853180;in;FALSE
MRP;666467151853180;sw;FALSE
MRP;666467151853195;bk;FALSE
MRP;666467151853195;cu;FALSE
MRP;666467151853195;e1;FALSE
MRP;666467151853195;in;FALSE
MRP;666467151853195;sw;FALSE
MRP;666467151853226;bk;FALSE
MRP;666467151853226;cu;FALSE
MRP;666467151853226;e1;FALSE
MRP;666467151853226;in;FALSE
MRP;666467151853226;sw;FALSE
MRP;666467151853228;bk;FALSE
MRP;666467151853228;cu;FALSE
MRP;666467151853228;e1;FALSE
MRP;666467151853228;in;FALSE
MRP;666467151853228;sw;FALSE
MRP;666467151853163;cu;FALSE
MRP;666467151853163;fr;FALSE
MRP;666467151853163;in;FALSE
MRP;666467151853163;ou;FALSE
MRP;666467151853163;sw;FALSE
MRP;666467151853172;cu;FALSE
MRP;666467151853172;e1;FALSE
MRP;666467151853172;fr;FALSE
MRP;666467151853172;in;FALSE
MRP;666467151853172;sw;FALSE
MRP;666467151853210;cu;FALSE
MRP;666467151853210;e1;FALSE
MRP;666467151853210;fr;FALSE
MRP;666467151853210;in;FALSE
MRP;666467151853210;sw;FALSE
MRP;3983529958257851;bk;FALSE
MRP;3983529958257851;cu;FALSE
MRP;3983529958257851;e11;FALSE
MRP;3983529958257851;e2;FALSE
MRP;3983529958257851;fr;FALSE
MRP;3983529958257851;in;FALSE
MRP;3983529958257851;ou;FALSE
MRP;3983529958257851;sw;FALSE
MRP;3983529958258159;bk;FALSE
MRP;3983529958258159;cu;FALSE
MRP;3983529958258159;e1;FALSE
MRP;3983529958258159;fr;FALSE
MRP;3983529958258159;in;FALSE
MRP;3983529958258159;ou;FALSE
MRP;3983529958258159;sw;FALSE
MRP;3983529958257833;bk;FALSE
MRP;3983529958257833;cu;FALSE
MRP;3983529958257833;e1;FALSE
MRP;3983529958257833;e2;FALSE
MRP;3983529958257833;fr;FALSE
MRP;3983529958257833;in;FALSE
MRP;3983529958257833;ou;FALSE
MRP;3983529958257833;sw;FALSE
MRP;3983529958257834;bk;FALSE
MRP;3983529958257834;cu;FALSE
MRP;3983529958257834;e1;FALSE
MRP;3983529958257834;e2;FALSE
MRP;3983529958257834;fr;FALSE
MRP;3983529958257834;in;FALSE
MRP;3983529958257834;ou;FALSE
MRP;3983529958257834;sw;FALSE
MRP;3983529958258152;bk;FALSE
MRP;3983529958258152;cu;FALSE
MRP;3983529958258152;e1;FALSE
MRP;3983529958258152;e2;FALSE
MRP;3983529958258152;fr;FALSE
MRP;3983529958258152;in;FALSE
MRP;3983529958258152;ou;FALSE
MRP;3983529958258152;sw;FALSE
MRP;3983529958258052;bk;FALSE
MRP;3983529958258052;cu;FALSE
MRP;3983529958258052;e1;FALSE
MRP;3983529958258052;e2;FALSE
MRP;3983529958258052;fr;FALSE
MRP;3983529958258052;in;FALSE
MRP;3983529958258052;ou;FALSE
MRP;3983529958258052;sw;FALSE
MRP;3983529958258165;bk;FALSE
MRP;3983529958258165;cu;FALSE
MRP;3983529958258165;e1;FALSE
MRP;3983529958258165;e2;FALSE
MRP;3983529958258165;fr;FALSE
MRP;3983529958258165;in;FALSE
MRP;3983529958258165;ou;FALSE
MRP;3983529958258165;sw;FALSE
MRP;3983529958258157;bk;FALSE
MRP;3983529958258157;cu;FALSE
MRP;3983529958258157;e1;FALSE
MRP;3983529958258157;e2;FALSE
MRP;3983529958258157;fr;FALSE
MRP;3983529958258157;in;FALSE
MRP;3983529958258157;ou;FALSE
MRP;3983529958258157;sw;FALSE
MRP;3983529958257839;bk;FALSE
MRP;3983529958257839;cu;FALSE
MRP;3983529958257839;e1;FALSE
MRP;3983529958257839;e2;FALSE
MRP;3983529958257839;fr;FALSE
MRP;3983529958257839;in;FALSE
MRP;3983529958257839;ou;FALSE
MRP;3983529958257839;sw;FALSE
MRP;3983529958258053;bk;FALSE
MRP;3983529958258053;cu;FALSE
MRP;3983529958258053;e1;FALSE
MRP;3983529958258053;e2;FALSE
MRP;3983529958258053;fr;FALSE
MRP;3983529958258053;in;FALSE
MRP;3983529958258053;ou;FALSE
MRP;3983529958258053;sw;FALSE
MRP;3983529958257843;bk;FALSE
MRP;3983529958257843;cu;FALSE
MRP;3983529958257843;e1;FALSE
MRP;3983529958257843;e2;FALSE
MRP;3983529958257843;fr;FALSE
MRP;3983529958257843;in;FALSE
MRP;3983529958257843;ou;FALSE
MRP;3983529958257843;sw;FALSE
MRP;3983529958257836;bk;FALSE
MRP;3983529958257836;cu;FALSE
MRP;3983529958257836;e1;FALSE
MRP;3983529958257836;fr;FALSE
MRP;3983529958257836;in;FALSE
MRP;3983529958257836;ou;FALSE
MRP;3983529958257836;sw;FALSE
MRP;3983529958258156;bk;FALSE
MRP;3983529958258156;cu;FALSE
MRP;3983529958258156;e1;FALSE
MRP;3983529958258156;fr;FALSE
MRP;3983529958258156;in;FALSE
MRP;3983529958258156;ou;FALSE
MRP;3983529958258156;sw;FALSE
MRP;3983529958257952;bk;FALSE
MRP;3983529958257952;cu;FALSE
MRP;3983529958257952;e1;FALSE
MRP;3983529958257952;e2;FALSE
MRP;3983529958257952;fr;FALSE
MRP;3983529958257952;in;FALSE
MRP;3983529958257952;ou;FALSE
MRP;3983529958257952;sw;FALSE
MRP;3983529958258166;bk;FALSE
MRP;3983529958258166;cu;FALSE
MRP;3983529958258166;e1;FALSE
MRP;3983529958258166;e2;FALSE
MRP;3983529958258166;fr;FALSE
MRP;3983529958258166;in;FALSE
MRP;3983529958258166;ou;FALSE
MRP;3983529958258166;sw;FALSE
MRP;3983529958257957;bk;FALSE
MRP;3983529958257957;cu;FALSE
MRP;3983529958257957;e1;FALSE
MRP;3983529958257957;e2;FALSE
MRP;3983529958257957;fr;FALSE
MRP;3983529958257957;in;FALSE
MRP;3983529958257957;ou;FALSE
MRP;3983529958257957;sw;FALSE
MRP;3983529958257842;bk;FALSE
MRP;3983529958257842;cu;FALSE
MRP;3983529958257842;e1;FALSE
MRP;3983529958257842;fr;FALSE
MRP;3983529958257842;in;FALSE
MRP;3983529958257842;ou;FALSE
MRP;3983529958257842;sw;FALSE
MRP;3983529958258163;bk;FALSE
MRP;3983529958258163;cu;FALSE
MRP;3983529958258163;e1;FALSE
MRP;3983529958258163;fr;FALSE
MRP;3983529958258163;in;FALSE
MRP;3983529958258163;ou;FALSE
MRP;3983529958258163;sw;FALSE
MRP;3983529958286398;bk;FALSE
MRP;3983529958286398;cu;FALSE
MRP;3983529958286398;e1;FALSE
MRP;3983529958286398;e2;FALSE
MRP;3983529958286398;e3;FALSE
MRP;3983529958286398;fr;FALSE
MRP;3983529958286398;in;FALSE
MRP;3983529958286398;ou;FALSE
MRP;3983529958286398;sw;FALSE
MRP;3983529958286397;bk;FALSE
MRP;3983529958286397;cu;FALSE
MRP;3983529958286397;e1;FALSE
MRP;3983529958286397;e2;FALSE
MRP;3983529958286397;e3;FALSE
MRP;3983529958286397;fr;FALSE
MRP;3983529958286397;in;FALSE
MRP;3983529958286397;ou;FALSE
MRP;3983529958286397;sw;FALSE
MRP;666467153897360;bk;FALSE
MRP;666467153897360;cu;FALSE
MRP;666467153897360;e1;FALSE
MRP;666467153897360;fr;FALSE
MRP;666467153897360;in;FALSE
MRP;666467153897360;ou;FALSE
MRP;666467153897360;sw;FALSE
MRP;666467153897329;bk;FALSE
MRP;666467153897329;cu;FALSE
MRP;666467153897329;e1;FALSE
MRP;666467153897329;fr;FALSE
MRP;666467153897329;in;FALSE
MRP;666467153897329;ou;FALSE
MRP;666467153897329;sw;FALSE
MRP;666467153897418;bk;FALSE
MRP;666467153897418;cu;FALSE
MRP;666467153897418;e1;FALSE
MRP;666467153897418;fr;FALSE
MRP;666467153897418;in;FALSE
MRP;666467153897418;ou;FALSE
MRP;666467153897418;sw;FALSE
MRP;666467153897398;bk;FALSE
MRP;666467153897398;cu;FALSE
MRP;666467153897398;e1;FALSE
MRP;666467153897398;fr;FALSE
MRP;666467153897398;in;FALSE
MRP;666467153897398;ou;FALSE
MRP;666467153897398;sw;FALSE
MRP;2307389542820999;bk;FALSE
MRP;2307389542820999;cu;FALSE
MRP;2307389542820999;e1;FALSE
MRP;2307389542820999;fr;FALSE
MRP;2307389542820999;in;FALSE
MRP;2307389542820999;ou;FALSE
MRP;2307389542820999;sw;FALSE
MRP;666467153897313;bk;FALSE
MRP;666467153897313;cu;FALSE
MRP;666467153897313;e1;FALSE
MRP;666467153897313;fr;FALSE
MRP;666467153897313;in;FALSE
MRP;666467153897313;ou;FALSE
MRP;666467153897313;sw;FALSE
MRP;666467153897391;bk;FALSE
MRP;666467153897391;cu;FALSE
MRP;666467153897391;e1;FALSE
MRP;666467153897391;fr;FALSE
MRP;666467153897391;in;FALSE
MRP;666467153897391;ou;FALSE
MRP;666467153897391;sw;FALSE
MRP;666467153897368;bk;FALSE
MRP;666467153897368;cu;FALSE
MRP;666467153897368;e1;FALSE
MRP;666467153897368;fr;FALSE
MRP;666467153897368;in;FALSE
MRP;666467153897368;ou;FALSE
MRP;666467153897368;sw;FALSE
MRP;666467153897388;bk;FALSE
MRP;666467153897388;cu;FALSE
MRP;666467153897388;e1;FALSE
MRP;666467153897388;fr;FALSE
MRP;666467153897388;in;FALSE
MRP;666467153897388;ou;FALSE
MRP;666467153897388;sw;FALSE
MRP;666467153897340;bk;FALSE
MRP;666467153897340;cu;FALSE
MRP;666467153897340;e1;FALSE
MRP;666467153897340;fr;FALSE
MRP;666467153897340;in;FALSE
MRP;666467153897340;ou;FALSE
MRP;666467153897340;sw;FALSE
MRP;666467153897380;bk;FALSE
MRP;666467153897380;cu;FALSE
MRP;666467153897380;e1;FALSE
MRP;666467153897380;fr;FALSE
MRP;666467153897380;in;FALSE
MRP;666467153897380;ou;FALSE
MRP;666467153897380;sw;FALSE
MRP;2307389542180566;bk;FALSE
MRP;2307389542180566;cu;FALSE
MRP;2307389542180566;e1;FALSE
MRP;2307389542180566;fr;FALSE
MRP;2307389542180566;in;FALSE
MRP;2307389542180566;ou;FALSE
MRP;2307389542180566;sw;FALSE
MRP;666467153897413;bk;FALSE
MRP;666467153897413;cu;FALSE
MRP;666467153897413;e1;FALSE
MRP;666467153897413;fr;FALSE
MRP;666467153897413;in;FALSE
MRP;666467153897413;ou;FALSE
MRP;666467153897413;sw;FALSE
MRP;5983760397903600;bk;FALSE
MRP;5983760397903600;cu;FALSE
MRP;5983760397903600;e1;FALSE
MRP;5983760397903600;fr;FALSE
MRP;5983760397903600;in;FALSE
MRP;5983760397903600;ou;FALSE
MRP;5983760397903600;sw;FALSE
MRP;5983760397903603;bk;FALSE
MRP;5983760397903603;cu;FALSE
MRP;5983760397903603;e1;FALSE
MRP;5983760397903603;fr;FALSE
MRP;5983760397903603;in;FALSE
MRP;5983760397903603;ou;FALSE
MRP;5983760397903603;sw;FALSE
MRP;5983760397903585;bk;FALSE
MRP;5983760397903585;cu;FALSE
MRP;5983760397903585;e1;FALSE
MRP;5983760397903585;fr;FALSE
MRP;5983760397903585;in;FALSE
MRP;5983760397903585;ou;FALSE
MRP;5983760397903585;sw;FALSE
MRP;5983760397903582;bk;FALSE
MRP;5983760397903582;cu;FALSE
MRP;5983760397903582;e1;FALSE
MRP;5983760397903582;fr;FALSE
MRP;5983760397903582;in;FALSE
MRP;5983760397903582;ou;FALSE
MRP;5983760397903582;sw;FALSE
MRP;5983760397903588;bk;FALSE
MRP;5983760397903588;cu;FALSE
MRP;5983760397903588;e1;FALSE
MRP;5983760397903588;fr;FALSE
MRP;5983760397903588;in;FALSE
MRP;5983760397903588;ou;FALSE
MRP;5983760397903588;sw;FALSE
MRP;5983760397903576;bk;FALSE
MRP;5983760397903576;cu;FALSE
MRP;5983760397903576;e1;FALSE
MRP;5983760397903576;fr;FALSE
MRP;5983760397903576;in;FALSE
MRP;5983760397903576;ou;FALSE
MRP;5983760397903576;sw;FALSE
MRP;5983760397903594;bk;FALSE
MRP;5983760397903594;cu;FALSE
MRP;5983760397903594;e1;FALSE
MRP;5983760397903594;fr;FALSE
MRP;5983760397903594;in;FALSE
MRP;5983760397903594;ou;FALSE
MRP;5983760397903602;bk;FALSE
MRP;5983760397903602;cu;FALSE
MRP;5983760397903602;e1;FALSE
MRP;5983760397903602;fr;FALSE
MRP;5983760397903602;in;FALSE
MRP;5983760397903602;ou;FALSE
MRP;5983760397903602;sw;FALSE
MRP;5983760397903571;bk;FALSE
MRP;5983760397903571;cu;FALSE
MRP;5983760397903571;e1;FALSE
MRP;5983760397903571;fr;FALSE
MRP;5983760397903571;in;FALSE
MRP;5983760397903571;ou;FALSE
MRP;5983760397903571;sw;FALSE
MRP;5983760397903572;bk;FALSE
MRP;5983760397903572;cu;FALSE
MRP;5983760397903572;e1;FALSE
MRP;5983760397903572;fr;FALSE
MRP;5983760397903572;in;FALSE
MRP;5983760397903572;ou;FALSE
MRP;5983760397903572;sw;FALSE
MRP;5983760397903586;bk;FALSE
MRP;5983760397903586;cu;FALSE
MRP;5983760397903586;e1;FALSE
MRP;5983760397903586;fr;FALSE
MRP;5983760397903586;in;FALSE
MRP;5983760397903586;ou;FALSE
MRP;5983760397903586;sw;FALSE
MRP;5983760397903577;bk;FALSE
MRP;5983760397903577;cu;FALSE
MRP;5983760397903577;e1;FALSE
MRP;5983760397903577;fr;FALSE
MRP;5983760397903577;in;FALSE
MRP;5983760397903577;ou;FALSE
MRP;5983760397903577;sw;FALSE
MRP;2307389542181895;bk;FALSE
MRP;2307389542181895;cu;FALSE
MRP;2307389542181895;e1;FALSE
MRP;2307389542181895;in;FALSE
MRP;2307389542181895;ou;FALSE
MRP;2307389542181895;sw;FALSE
MRP;2307389542182262;bk;FALSE
MRP;2307389542182262;cu;FALSE
MRP;2307389542182262;e1;FALSE
MRP;2307389542182262;in;FALSE
MRP;2307389542182262;ou;FALSE
MRP;2307389542182262;sw;FALSE
MRP;2307389542179802;bk;FALSE
MRP;2307389542179802;cu;FALSE
MRP;2307389542179802;e1;FALSE
MRP;2307389542179802;e2;FALSE
MRP;2307389542179802;in;FALSE
MRP;2307389542179802;ou;FALSE
MRP;2307389542179802;sw;FALSE
MRP;2307389542180989;bk;FALSE
MRP;2307389542180989;cu;FALSE
MRP;2307389542180989;e1;FALSE
MRP;2307389542180989;fr;FALSE
MRP;2307389542180989;in;FALSE
MRP;2307389542180989;ou;FALSE
MRP;2307389542180989;sw;FALSE
MRP;2307389542181861;bk;FALSE
MRP;2307389542181861;cu;FALSE
MRP;2307389542181861;e1;FALSE
MRP;2307389542181861;e2;FALSE
MRP;2307389542181861;fr;FALSE
MRP;2307389542181861;in;FALSE
MRP;2307389542181861;ou;FALSE
MRP;2307389542181861;sw;FALSE
MRP;2307389542179773;bk;FALSE
MRP;2307389542179773;cu;FALSE
MRP;2307389542179773;e1;FALSE
MRP;2307389542179773;fr;FALSE
MRP;2307389542179773;in;FALSE
MRP;2307389542179773;ou;FALSE
MRP;2307389542179773;sw;FALSE
MRP;2307389542181356;bk;FALSE
MRP;2307389542181356;cu;FALSE
MRP;2307389542181356;e1;FALSE
MRP;2307389542181356;fr;FALSE
MRP;2307389542181356;in;FALSE
MRP;2307389542181356;ou;FALSE
MRP;2307389542181356;sw;FALSE
MRP;2307389542182228;bk;FALSE
MRP;2307389542182228;cu;FALSE
MRP;2307389542182228;e1;FALSE
MRP;2307389542182228;fr;FALSE
MRP;2307389542182228;in;FALSE
MRP;2307389542182228;ou;FALSE
MRP;2307389542182228;sw;FALSE
MRP;2307389542181064;bk;FALSE
MRP;2307389542181064;cu;FALSE
MRP;2307389542181064;e1;FALSE
MRP;2307389542181064;fr;FALSE
MRP;2307389542181064;in;FALSE
MRP;2307389542181064;ou;FALSE
MRP;2307389542181064;sw;FALSE
MRP;2307389542182450;bk;FALSE
MRP;2307389542182450;cu;FALSE
MRP;2307389542182450;e1;FALSE
MRP;2307389542182450;fr;FALSE
MRP;2307389542182450;in;FALSE
MRP;2307389542182450;ou;FALSE
MRP;2307389542182450;sw;FALSE
MRP;2307389542180840;bk;FALSE
MRP;2307389542180840;cu;FALSE
MRP;2307389542180840;e1;FALSE
MRP;2307389542180840;fr;FALSE
MRP;2307389542180840;in;FALSE
MRP;2307389542180840;ou;FALSE
MRP;2307389542180840;sw;FALSE
MRP;2307389542180691;bk;FALSE
MRP;2307389542180691;cu;FALSE
MRP;2307389542180691;e1;FALSE
MRP;2307389542180691;fr;FALSE
MRP;2307389542180691;in;FALSE
MRP;2307389542180691;ou;FALSE
MRP;2307389542180691;sw;FALSE
MRP;2307389542181449;bk;FALSE
MRP;2307389542181449;cu;FALSE
MRP;2307389542181449;e1;FALSE
MRP;2307389542181449;fr;FALSE
MRP;2307389542181449;in;FALSE
MRP;2307389542181449;sw;FALSE
MRP;2307389542181010;bk;FALSE
MRP;2307389542181010;cu;FALSE
MRP;2307389542181010;e1;FALSE
MRP;2307389542181010;in;FALSE
MRP;2307389542181010;ou;FALSE
MRP;2307389542181010;sw;FALSE
MRP;2307389542181595;bk;FALSE
MRP;2307389542181595;cu;FALSE
MRP;2307389542181595;e1;FALSE
MRP;2307389542181595;in;FALSE
MRP;2307389542181595;ou;FALSE
MRP;2307389542181595;sw;FALSE
MRP;3983529959676254;bk;FALSE
MRP;3983529959676254;cu;FALSE
MRP;3983529959676254;e1;FALSE
MRP;3983529959676254;e2;FALSE
MRP;3983529959676254;e3;FALSE
MRP;3983529959676254;fr;FALSE
MRP;3983529959676254;in;FALSE
MRP;3983529959676254;ou;FALSE
MRP;3983529959676254;sw;FALSE
MRP;3983529959676251;bk;FALSE
MRP;3983529959676251;cu;FALSE
MRP;3983529959676251;e1;FALSE
MRP;3983529959676251;e2;FALSE
MRP;3983529959676251;e3;FALSE
MRP;3983529959676251;fr;FALSE
MRP;3983529959676251;in;FALSE
MRP;3983529959676251;ou;FALSE
MRP;3983529959676251;sw;FALSE
MRP;3983529959676260;bk;FALSE
MRP;3983529959676260;cu;FALSE
MRP;3983529959676260;e1;FALSE
MRP;3983529959676260;e2;FALSE
MRP;3983529959676260;e3;FALSE
MRP;3983529959676260;fr;FALSE
MRP;3983529959676260;in;FALSE
MRP;3983529959676260;ou;FALSE
MRP;3983529959676260;sw;FALSE
MRP;3983529959676247;bk;FALSE
MRP;3983529959676247;cu;FALSE
MRP;3983529959676247;e1;FALSE
MRP;3983529959676247;e2;FALSE
MRP;3983529959676247;fr;FALSE
MRP;3983529959676247;in;FALSE
MRP;3983529959676247;ou;FALSE
MRP;3983529959676247;sw;FALSE
MRP;5983760398724662;bk;FALSE
MRP;5983760398724662;cu;FALSE
MRP;5983760398724662;e1;FALSE
MRP;5983760398724662;fr;FALSE
MRP;5983760398724662;in;FALSE
MRP;5983760398724662;ou;FALSE
MRP;5983760398724662;sw;FALSE
MRP;5983760398724667;bk;FALSE
MRP;5983760398724667;cu;FALSE
MRP;5983760398724667;e1;FALSE
MRP;5983760398724667;fr;FALSE
MRP;5983760398724667;in;FALSE
MRP;5983760398724667;ou;FALSE
MRP;5983760398724667;sw;FALSE
MRP;5983760398724670;bk;FALSE
MRP;5983760398724670;cu;FALSE
MRP;5983760398724670;e1;FALSE
MRP;5983760398724670;fr;FALSE
MRP;5983760398724670;in;FALSE
MRP;5983760398724670;ou;FALSE
MRP;5983760398724670;sw;FALSE
MRP;5983760398724672;bk;FALSE
MRP;5983760398724672;cu;FALSE
MRP;5983760398724672;e1;FALSE
MRP;5983760398724672;fr;FALSE
MRP;5983760398724672;in;FALSE
MRP;5983760398724672;ou;FALSE
MRP;5983760398724672;sw;FALSE
MRP;5983760398724650;bk;FALSE
MRP;5983760398724650;cu;FALSE
MRP;5983760398724650;e1;FALSE
MRP;5983760398724650;fr;FALSE
MRP;5983760398724650;in;FALSE
MRP;5983760398724650;ou;FALSE
MRP;5983760398724650;sw;FALSE
MRP;5983760398724654;bk;FALSE
MRP;5983760398724654;cu;FALSE
MRP;5983760398724654;e1;FALSE
MRP;5983760398724654;fr;FALSE
MRP;5983760398724654;in;FALSE
MRP;5983760398724654;ou;FALSE
MRP;5983760398724654;sw;FALSE
MRP;5983760398724651;bk;FALSE
MRP;5983760398724651;cu;FALSE
MRP;5983760398724651;e1;FALSE
MRP;5983760398724651;fr;FALSE
MRP;5983760398724651;in;FALSE
MRP;5983760398724651;ou;FALSE
MRP;5983760398724651;sw;FALSE
MRP;5983760398724668;bk;FALSE
MRP;5983760398724668;cu;FALSE
MRP;5983760398724668;e1;FALSE
MRP;5983760398724668;fr;FALSE
MRP;5983760398724668;in;FALSE
MRP;5983760398724668;ou;FALSE
MRP;5983760398724668;sw;FALSE
MRP;5983760398724641;bk;FALSE
MRP;5983760398724641;cu;FALSE
MRP;5983760398724641;e1;FALSE
MRP;5983760398724641;fr;FALSE
MRP;5983760398724641;in;FALSE
MRP;5983760398724641;ou;FALSE
MRP;5983760398724641;sw;FALSE
MRP;5983760398724655;bk;FALSE
MRP;5983760398724655;cu;FALSE
MRP;5983760398724655;e1;FALSE
MRP;5983760398724655;e2;FALSE
MRP;5983760398724655;fr;FALSE
MRP;5983760398724655;in;FALSE
MRP;5983760398724655;ou;FALSE
MRP;5983760398724655;sw;FALSE
MRP;5983760398724646;bk;FALSE
MRP;5983760398724646;cu;FALSE
MRP;5983760398724646;e1;FALSE
MRP;5983760398724646;fr;FALSE
MRP;5983760398724646;in;FALSE
MRP;5983760398724646;ou;FALSE
MRP;5983760398724646;sw;FALSE
MRP;5983760398724674;bk;FALSE
MRP;5983760398724674;cu;FALSE
MRP;5983760398724674;e1;FALSE
MRP;5983760398724674;fr;FALSE
MRP;5983760398724674;in;FALSE
MRP;5983760398724674;ou;FALSE
MRP;5983760398724674;sw;FALSE
MRP;5983760398724642;bk;FALSE
MRP;5983760398724642;cu;FALSE
MRP;5983760398724642;e1;FALSE
MRP;5983760398724642;fr;FALSE
MRP;5983760398724642;in;FALSE
MRP;5983760398724642;ou;FALSE
MRP;5983760398724642;sw;FALSE
MRP;3983529958022088;bk;FALSE
MRP;3983529958022088;cu;FALSE
MRP;3983529958022088;e1;FALSE
MRP;3983529958022088;e2;FALSE
MRP;3983529958022088;e3;FALSE
MRP;3983529958022088;fr;FALSE
MRP;3983529958022088;in;FALSE
MRP;3983529958022088;ou;FALSE
MRP;3983529958022088;sw;FALSE
MRP;3983529958022066;bk;FALSE
MRP;3983529958022066;cu;FALSE
MRP;3983529958022066;e1;FALSE
MRP;3983529958022066;e2;FALSE
MRP;3983529958022066;e3;FALSE
MRP;3983529958022066;fr;FALSE
MRP;3983529958022066;in;FALSE
MRP;3983529958022066;ou;FALSE
MRP;3983529958022066;sw;FALSE
MRP;3983529958022133;bk;FALSE
MRP;3983529958022133;cu;FALSE
MRP;3983529958022133;e1;FALSE
MRP;3983529958022133;e2;FALSE
MRP;3983529958022133;e3;FALSE
MRP;3983529958022133;fr;FALSE
MRP;3983529958022133;in;FALSE
MRP;3983529958022133;ou;FALSE
MRP;3983529958022133;sw;FALSE
MRP;3983529958022137;bk;FALSE
MRP;3983529958022137;cu;FALSE
MRP;3983529958022137;e1;FALSE
MRP;3983529958022137;e2;FALSE
MRP;3983529958022137;fr;FALSE
MRP;3983529958022137;in;FALSE
MRP;3983529958022137;ou;FALSE
MRP;3983529958022137;sw;FALSE
MRP;3983529958022115;bk;FALSE
MRP;3983529958022115;cu;FALSE
MRP;3983529958022115;e1;FALSE
MRP;3983529958022115;e2;FALSE
MRP;3983529958022115;fr;FALSE
MRP;3983529958022115;in;FALSE
MRP;3983529958022115;ou;FALSE
MRP;3983529958022115;sw;FALSE
MRP;3983529958022102;bk;FALSE
MRP;3983529958022102;cu;FALSE
MRP;3983529958022102;e1;FALSE
MRP;3983529958022102;e2;FALSE
MRP;3983529958022102;e3;FALSE
MRP;3983529958022102;fr;FALSE
MRP;3983529958022102;in;FALSE
MRP;3983529958022102;ou;FALSE
MRP;3983529958022102;sw;FALSE
MRP;3983529958022070;bk;FALSE
MRP;3983529958022070;cu;FALSE
MRP;3983529958022070;e1;FALSE
MRP;3983529958022070;e2;FALSE
MRP;3983529958022070;e3;FALSE
MRP;3983529958022070;fr;FALSE
MRP;3983529958022070;in;FALSE
MRP;3983529958022070;ou;FALSE
MRP;3983529958022070;sw;FALSE
MRP;3983529958022118;bk;FALSE
MRP;3983529958022118;cu;FALSE
MRP;3983529958022118;e1;FALSE
MRP;3983529958022118;e2;FALSE
MRP;3983529958022118;e3;FALSE
MRP;3983529958022118;fr;FALSE
MRP;3983529958022118;in;FALSE
MRP;3983529958022118;ou;FALSE
MRP;3983529958022118;sw;FALSE
MRP;5983760398719634;bk;FALSE
MRP;5983760398719634;cu;FALSE
MRP;5983760398719634;e1;FALSE
MRP;5983760398719634;e2;FALSE
MRP;5983760398719634;fr;FALSE
MRP;5983760398719634;in;FALSE
MRP;5983760398719634;ou;FALSE
MRP;5983760398719634;sw;FALSE
MRP;5983760398719642;bk;FALSE
MRP;5983760398719642;cu;FALSE
MRP;5983760398719642;e1;FALSE
MRP;5983760398719642;fr;FALSE
MRP;5983760398719642;in;FALSE
MRP;5983760398719642;ou;FALSE
MRP;5983760398719642;sw;FALSE
MRP;5983760398719629;bk;FALSE
MRP;5983760398719629;cu;FALSE
MRP;5983760398719629;e1;FALSE
MRP;5983760398719629;fr;FALSE
MRP;5983760398719629;in;FALSE
MRP;5983760398719629;ou;FALSE
MRP;5983760398719629;sw;FALSE
MRP;5983760398719622;bk;FALSE
MRP;5983760398719622;cu;FALSE
MRP;5983760398719622;e1;FALSE
MRP;5983760398719622;e2;FALSE
MRP;5983760398719622;fr;FALSE
MRP;5983760398719622;in;FALSE
MRP;5983760398719622;ou;FALSE
MRP;5983760398719622;sw;FALSE
MRP;5983760398719619;bk;FALSE
MRP;5983760398719619;cu;FALSE
MRP;5983760398719619;e1;FALSE
MRP;5983760398719619;fr;FALSE
MRP;5983760398719619;in;FALSE
MRP;5983760398719619;ou;FALSE
MRP;5983760398719619;sw;FALSE
MRP;5983760398719643;bk;FALSE
MRP;5983760398719643;cu;FALSE
MRP;5983760398719643;e1;FALSE
MRP;5983760398719643;fr;FALSE
MRP;5983760398719643;in;FALSE
MRP;5983760398719643;ou;FALSE
MRP;5983760398719643;sw;FALSE
MRP;5983760398719631;bk;FALSE
MRP;5983760398719631;cu;FALSE
MRP;5983760398719631;e1;FALSE
MRP;5983760398719631;fr;FALSE
MRP;5983760398719631;in;FALSE
MRP;5983760398719631;ou;FALSE
MRP;5983760398719631;sw;FALSE
MRP;5983760398719621;bk;FALSE
MRP;5983760398719621;cu;FALSE
MRP;5983760398719621;e1;FALSE
MRP;5983760398719621;fr;FALSE
MRP;5983760398719621;in;FALSE
MRP;5983760398719621;ou;FALSE
MRP;5983760398719621;sw;FALSE
MRP;3983529957846115;bk;FALSE
MRP;3983529957846115;cu;FALSE
MRP;3983529957846115;e1;FALSE
MRP;3983529957846115;in;FALSE
MRP;3983529957846115;ou;FALSE
MRP;3983529957846115;sw;FALSE
MRP;3983529957846140;e1;FALSE
MRP;3983529957846140;fr;FALSE
MRP;3983529957846140;in;FALSE
MRP;3983529957846140;sw;FALSE
MRP;3983529957846128;cu;FALSE
MRP;3983529957846128;fr;FALSE
MRP;3983529957846128;in;FALSE
MRP;3983529957846128;ou;FALSE
MRP;3983529957846128;sw;FALSE
MRP;2307389542180829;cu;FALSE
MRP;2307389542180829;e1;FALSE
MRP;2307389542180829;in;FALSE
MRP;2307389542180829;sw;FALSE
MRP;2307389542181128;cu;FALSE
MRP;2307389542181128;e1;FALSE
MRP;2307389542181128;in;FALSE
MRP;2307389542181128;sw;FALSE
MRP;3983529958318252;bk;FALSE
MRP;3983529958318252;cu;FALSE
MRP;3983529958318252;e1;FALSE
MRP;3983529958318252;in;FALSE
MRP;3983529958318252;sw;FALSE
MRP;3983529958318266;bk;FALSE
MRP;3983529958318266;cu;FALSE
MRP;3983529958318266;e1;FALSE
MRP;3983529958318266;in;FALSE
MRP;3983529958318266;sw;FALSE
MRP;3983529958318248;bk;FALSE
MRP;3983529958318248;cu;FALSE
MRP;3983529958318248;e1;FALSE
MRP;3983529958318248;in;FALSE
MRP;3983529958318248;sw;FALSE
MRP;3983529958318258;bk;FALSE
MRP;3983529958318258;cu;FALSE
MRP;3983529958318258;e1;FALSE
MRP;3983529958318258;in;FALSE
MRP;3983529958318258;sw;FALSE
MRP;3983529958318254;bk;FALSE
MRP;3983529958318254;cu;FALSE
MRP;3983529958318254;e1;FALSE
MRP;3983529958318254;in;FALSE
MRP;3983529958318254;ou;FALSE
MRP;3983529958318254;sw;FALSE
MRP;3983529958318249;bk;FALSE
MRP;3983529958318249;cu;FALSE
MRP;3983529958318249;e1;FALSE
MRP;3983529958318249;in;FALSE
MRP;3983529958318249;ou;FALSE
MRP;3983529958318249;sw;FALSE
MRP;3983529958318265;bk;FALSE
MRP;3983529958318265;cu;FALSE
MRP;3983529958318265;e1;FALSE
MRP;3983529958318265;in;FALSE
MRP;3983529958318265;ou;FALSE
MRP;3983529958318265;sw;FALSE
MRP;3983529958318261;bk;FALSE
MRP;3983529958318261;cu;FALSE
MRP;3983529958318261;e1;FALSE
MRP;3983529958318261;in;FALSE
MRP;3983529958318261;ou;FALSE
MRP;3983529958318261;sw;FALSE
MRP;2307389542181920;bk;FALSE
MRP;2307389542181920;cu;FALSE
MRP;2307389542181920;e1;FALSE
MRP;2307389542181920;fr;FALSE
MRP;2307389542181920;in;FALSE
MRP;2307389542181920;ou;FALSE
MRP;2307389542181920;sw;FALSE
MRP;2307389542182360;bk;FALSE
MRP;2307389542182360;cu;FALSE
MRP;2307389542182360;e1;FALSE
MRP;2307389542182360;fr;FALSE
MRP;2307389542182360;in;FALSE
MRP;2307389542182360;ou;FALSE
MRP;2307389542182360;sw;FALSE
MRP;2307389542179756;bk;FALSE
MRP;2307389542179756;cu;FALSE
MRP;2307389542179756;e1;FALSE
MRP;2307389542179756;fr;FALSE
MRP;2307389542179756;in;FALSE
MRP;2307389542179756;ou;FALSE
MRP;2307389542179756;sw;FALSE
MRP;2307389542179687;bk;FALSE
MRP;2307389542179687;cu;FALSE
MRP;2307389542179687;e1;FALSE
MRP;2307389542179687;fr;FALSE
MRP;2307389542179687;in;FALSE
MRP;2307389542179687;ou;FALSE
MRP;2307389542179687;sw;FALSE
MRP;2307389542181916;bk;FALSE
MRP;2307389542181916;cu;FALSE
MRP;2307389542181916;e1;FALSE
MRP;2307389542181916;fr;FALSE
MRP;2307389542181916;in;FALSE
MRP;2307389542181916;ou;FALSE
MRP;5983760398448261;bk;FALSE
MRP;5983760398448261;cu;FALSE
MRP;5983760398448261;e1;FALSE
MRP;5983760398448261;e2;FALSE
MRP;5983760398448261;fr;FALSE
MRP;5983760398448261;in;FALSE
MRP;5983760398448261;ou;FALSE
MRP;5983760398448261;sw;FALSE
MRP;5983760398448269;bk;FALSE
MRP;5983760398448269;cu;FALSE
MRP;5983760398448269;e1;FALSE
MRP;5983760398448269;fr;FALSE
MRP;5983760398448269;in;FALSE
MRP;5983760398448269;ou;FALSE
MRP;5983760398448269;sw;FALSE
MRP;5983760398448266;bk;FALSE
MRP;5983760398448266;cu;FALSE
MRP;5983760398448266;e1;FALSE
MRP;5983760398448266;fr;FALSE
MRP;5983760398448266;in;FALSE
MRP;5983760398448266;ou;FALSE
MRP;5983760398448266;sw;FALSE
MRP;5983760398457409;bk;FALSE
MRP;5983760398457409;cu;FALSE
MRP;5983760398457409;e1;FALSE
MRP;5983760398457409;fr;FALSE
MRP;5983760398457409;in;FALSE
MRP;5983760398457409;ou;FALSE
MRP;5983760398457409;sw;FALSE
MRP;5983760398448271;bk;FALSE
MRP;5983760398448271;cu;FALSE
MRP;5983760398448271;e1;FALSE
MRP;5983760398448271;fr;FALSE
MRP;5983760398448271;in;FALSE
MRP;5983760398448271;ou;FALSE
MRP;5983760398448271;sw;FALSE
MRP;5983760398457402;bk;FALSE
MRP;5983760398457402;cu;FALSE
MRP;5983760398457402;e1;FALSE
MRP;5983760398457402;fr;FALSE
MRP;5983760398457402;in;FALSE
MRP;5983760398457402;ou;FALSE
MRP;5983760398457402;sw;FALSE
MRP;5983760398448263;bk;FALSE
MRP;5983760398448263;cu;FALSE
MRP;5983760398448263;e1;FALSE
MRP;5983760398448263;fr;FALSE
MRP;5983760398448263;in;FALSE
MRP;5983760398448263;ou;FALSE
MRP;5983760398448263;sw;FALSE
MRP;5983760398448264;bk;FALSE
MRP;5983760398448264;cu;FALSE
MRP;5983760398448264;e1;FALSE
MRP;5983760398448264;fr;FALSE
MRP;5983760398448264;in;FALSE
MRP;5983760398448264;ou;FALSE
MRP;5983760398448264;sw;FALSE
MRP;5983760398457404;bk;FALSE
MRP;5983760398457404;cu;FALSE
MRP;5983760398457404;e1;FALSE
MRP;5983760398457404;fr;FALSE
MRP;5983760398457404;in;FALSE
MRP;5983760398457404;ou;FALSE
MRP;5983760398457404;sw;FALSE
MRP;5983760398457408;bk;FALSE
MRP;5983760398457408;cu;FALSE
MRP;5983760398457408;e1;FALSE
MRP;5983760398457408;fr;FALSE
MRP;5983760398457408;in;FALSE
MRP;5983760398457408;ou;FALSE
MRP;5983760398457408;sw;FALSE
MRP;5983760398457406;bk;FALSE
MRP;5983760398457406;cu;FALSE
MRP;5983760398457406;e1;FALSE
MRP;5983760398457406;fr;FALSE
MRP;5983760398457406;in;FALSE
MRP;5983760398457406;ou;FALSE
MRP;5983760398457406;sw;FALSE
MRP;5983760398448272;bk;FALSE
MRP;5983760398448272;cu;FALSE
MRP;5983760398448272;e1;FALSE
MRP;5983760398448272;fr;FALSE
MRP;5983760398448272;in;FALSE
MRP;5983760398448272;ou;FALSE
MRP;5983760398448272;sw;FALSE
MRP;5983760398448262;bk;FALSE
MRP;5983760398448262;cu;FALSE
MRP;5983760398448262;e1;FALSE
MRP;5983760398448262;fr;FALSE
MRP;5983760398448262;in;FALSE
MRP;5983760398448262;ou;FALSE
MRP;5983760398448262;sw;FALSE
MRP;5983760398457411;bk;FALSE
MRP;5983760398457411;cu;FALSE
MRP;5983760398457411;e1;FALSE
MRP;5983760398457411;fr;FALSE
MRP;5983760398457411;in;FALSE
MRP;5983760398457411;ou;FALSE
MRP;5983760398457411;sw;FALSE
MRP;5983760398448260;bk;FALSE
MRP;5983760398448260;cu;FALSE
MRP;5983760398448260;e1;FALSE
MRP;5983760398448260;e2;FALSE
MRP;5983760398448260;e3;FALSE
MRP;5983760398448260;fr;FALSE
MRP;5983760398448260;in;FALSE
MRP;5983760398448260;ou;FALSE
MRP;5983760398448260;sw;FALSE
MRP;2307389542181038;bk;FALSE
MRP;2307389542181038;cu;FALSE
MRP;2307389542181038;e1;FALSE
MRP;2307389542181038;in;FALSE
MRP;2307389542181038;ou;FALSE
MRP;2307389542181038;sw;FALSE
MRP;2307389542179749;bk;FALSE
MRP;2307389542179749;cu;FALSE
MRP;2307389542179749;e1;FALSE
MRP;2307389542179749;in;FALSE
MRP;2307389542179749;ou;FALSE
MRP;2307389542179749;sw;FALSE
MRP;2307389542179820;bk;FALSE
MRP;2307389542179820;cu;FALSE
MRP;2307389542179820;e1;FALSE
MRP;2307389542179820;fr;FALSE
MRP;2307389542179820;in;FALSE
MRP;2307389542179820;ou;FALSE
MRP;2307389542179820;sw;FALSE
MRP;2307389542180958;bk;FALSE
MRP;2307389542180958;cu;FALSE
MRP;2307389542180958;e1;FALSE
MRP;2307389542180958;fr;FALSE
MRP;2307389542180958;in;FALSE
MRP;2307389542180958;ou;FALSE
MRP;2307389542180958;sw;FALSE
MRP;2307389542180964;bk;FALSE
MRP;2307389542180964;cu;FALSE
MRP;2307389542180964;e1;FALSE
MRP;2307389542180964;fr;FALSE
MRP;2307389542180964;in;FALSE
MRP;2307389542180964;ou;FALSE
MRP;2307389542180964;sw;FALSE
MRP;2307389542181108;bk;FALSE
MRP;2307389542181108;cu;FALSE
MRP;2307389542181108;e1;FALSE
MRP;2307389542181108;e2;FALSE
MRP;2307389542181108;in;FALSE
MRP;2307389542181108;ou;FALSE
MRP;2307389542181108;sw;FALSE
MRP;2307389542182565;bk;FALSE
MRP;2307389542182565;cu;FALSE
MRP;2307389542182565;e1;FALSE
MRP;2307389542182565;e2;FALSE
MRP;2307389542182565;in;FALSE
MRP;2307389542182565;ou;FALSE
MRP;2307389542182565;sw;FALSE
MRP;2307389542182279;cu;FALSE
MRP;2307389542182279;e1;FALSE
MRP;2307389542182279;in;FALSE
MRP;2307389542182279;sw;FALSE
MRP;3983529958318257;bk;FALSE
MRP;3983529958318257;cu;FALSE
MRP;3983529958318257;e1;FALSE
MRP;3983529958318257;in;FALSE
MRP;3983529958318257;ou;FALSE
MRP;3983529958318257;sw;FALSE
MRP;3983529958318224;bk;FALSE
MRP;3983529958318224;cu;FALSE
MRP;3983529958318224;e1;FALSE
MRP;3983529958318224;e2;FALSE
MRP;3983529958318224;in;FALSE
MRP;3983529958318224;ou;FALSE
MRP;3983529958318224;sw;FALSE
MRP;3983529958318240;bk;FALSE
MRP;3983529958318240;cu;FALSE
MRP;3983529958318240;e1;FALSE
MRP;3983529958318240;in;FALSE
MRP;3983529958318240;ou;FALSE
MRP;3983529958318240;sw;FALSE
MRP;3983529958318234;bk;FALSE
MRP;3983529958318234;cu;FALSE
MRP;3983529958318234;e1;FALSE
MRP;3983529958318234;in;FALSE
MRP;3983529958318234;sw;FALSE
MRP;3983529958318242;bk;FALSE
MRP;3983529958318242;cu;FALSE
MRP;3983529958318242;in;FALSE
MRP;3983529958318242;ou;FALSE
MRP;3983529958318242;sw;FALSE
MRP;3983529958318236;bk;FALSE
MRP;3983529958318236;cu;FALSE
MRP;3983529958318236;in;FALSE
MRP;3983529958318236;ou;FALSE
MRP;3983529958318236;sw;FALSE
MRP;3983529958318237;cu;FALSE
MRP;3983529958318237;fr;FALSE
MRP;3983529958318237;in;FALSE
MRP;3983529958318237;ou;FALSE
MRP;3983529958318237;sw;FALSE
MRP;3983529958318232;cu;FALSE
MRP;3983529958318232;in;FALSE
MRP;3983529958318232;ou;FALSE
MRP;3983529958318232;sw;FALSE
MRP;2307389542179785;bk;FALSE
MRP;2307389542179785;cu;FALSE
MRP;2307389542179785;e1;FALSE
MRP;2307389542179785;fr;FALSE
MRP;2307389542179785;in;FALSE
MRP;2307389542179785;ou;FALSE
MRP;2307389542179785;sw;FALSE
MRP;2307389542179709;bk;FALSE
MRP;2307389542179709;cu;FALSE
MRP;2307389542179709;e1;FALSE
MRP;2307389542179709;fr;FALSE
MRP;2307389542179709;in;FALSE
MRP;2307389542179709;ou;FALSE
MRP;2307389542179709;sw;FALSE
MRP;5526882327952108;bk;FALSE
MRP;5526882327952108;cu;FALSE
MRP;5526882327952108;e1;FALSE
MRP;5526882327952108;fr;FALSE
MRP;5526882327952108;in;FALSE
MRP;5526882327952108;ou;FALSE
MRP;5526882327952108;sw;FALSE
MRP;5526882327952087;bk;FALSE
MRP;5526882327952087;cu;FALSE
MRP;5526882327952087;e1;FALSE
MRP;5526882327952087;fr;FALSE
MRP;5526882327952087;in;FALSE
MRP;5526882327952087;ou;FALSE
MRP;5526882327952087;sw;FALSE
MRP;5526882327952101;bk;FALSE
MRP;5526882327952101;cu;FALSE
MRP;5526882327952101;e1;FALSE
MRP;5526882327952101;fr;FALSE
MRP;5526882327952101;in;FALSE
MRP;5526882327952101;ou;FALSE
MRP;5526882327952101;sw;FALSE
MRP;5526882327952084;bk;FALSE
MRP;5526882327952084;cu;FALSE
MRP;5526882327952084;e1;FALSE
MRP;5526882327952084;fr;FALSE
MRP;5526882327952084;in;FALSE
MRP;5526882327952084;ou;FALSE
MRP;5526882327952084;sw;FALSE
MRP;5526882327952094;bk;FALSE
MRP;5526882327952094;cu;FALSE
MRP;5526882327952094;e1;FALSE
MRP;5526882327952094;fr;FALSE
MRP;5526882327952094;in;FALSE
MRP;5526882327952094;ou;FALSE
MRP;5526882327952094;sw;FALSE
MRP;5526882327952093;bk;FALSE
MRP;5526882327952093;cu;FALSE
MRP;5526882327952093;e1;FALSE
MRP;5526882327952093;fr;FALSE
MRP;5526882327952093;in;FALSE
MRP;5526882327952093;ou;FALSE
MRP;5526882327952093;sw;FALSE
MRP;5526882327952083;bk;FALSE
MRP;5526882327952083;cu;FALSE
MRP;5526882327952083;e1;FALSE
MRP;5526882327952083;fr;FALSE
MRP;5526882327952083;in;FALSE
MRP;5526882327952083;ou;FALSE
MRP;5526882327952083;sw;FALSE
MRP;5526882327952109;bk;FALSE
MRP;5526882327952109;cu;FALSE
MRP;5526882327952109;e1;FALSE
MRP;5526882327952109;e2;FALSE
MRP;5526882327952109;fr;FALSE
MRP;5526882327952109;in;FALSE
MRP;5526882327952109;ou;FALSE
MRP;5526882327952109;sw;FALSE
MRP;5526882327952091;bk;FALSE
MRP;5526882327952091;cu;FALSE
MRP;5526882327952091;e1;FALSE
MRP;5526882327952091;e2;FALSE
MRP;5526882327952091;fr;FALSE
MRP;5526882327952091;in;FALSE
MRP;5526882327952091;ou;FALSE
MRP;5526882327952091;sw;FALSE
MRP;5526882327952097;bk;FALSE
MRP;5526882327952097;cu;FALSE
MRP;5526882327952097;e1;FALSE
MRP;5526882327952097;fr;FALSE
MRP;5526882327952097;in;FALSE
MRP;5526882327952097;ou;FALSE
MRP;5526882327952097;sw;FALSE
MRP;2307389542181641;bk;FALSE
MRP;2307389542181641;cu;FALSE
MRP;2307389542181641;e1;FALSE
MRP;2307389542181641;e2;FALSE
MRP;2307389542181641;fr;FALSE
MRP;2307389542181641;in;FALSE
MRP;2307389542181641;ou;FALSE
MRP;2307389542181641;sw;FALSE
MRP;2307389542181931;bk;FALSE
MRP;2307389542181931;cu;FALSE
MRP;2307389542181931;e1;FALSE
MRP;2307389542181931;e2;FALSE
MRP;2307389542181931;fr;FALSE
MRP;2307389542181931;in;FALSE
MRP;2307389542181931;ou;FALSE
MRP;2307389542181931;sw;FALSE
MRP;2307389542181781;bk;FALSE
MRP;2307389542181781;cu;FALSE
MRP;2307389542181781;e1;FALSE
MRP;2307389542181781;e2;FALSE
MRP;2307389542181781;fr;FALSE
MRP;2307389542181781;in;FALSE
MRP;2307389542181781;ou;FALSE
MRP;2307389542181781;sw;FALSE
MRP;2307389542179691;bk;FALSE
MRP;2307389542179691;cu;FALSE
MRP;2307389542179691;e1;FALSE
MRP;2307389542179691;e2;FALSE
MRP;2307389542179691;fr;FALSE
MRP;2307389542179691;in;FALSE
MRP;2307389542179691;ou;FALSE
MRP;2307389542179691;sw;FALSE
MRP;2307389542181763;bk;FALSE
MRP;2307389542181763;cu;FALSE
MRP;2307389542181763;e1;FALSE
MRP;2307389542181763;fr;FALSE
MRP;2307389542181763;in;FALSE
MRP;2307389542181763;ou;FALSE
MRP;2307389542181763;sw;FALSE
MRP;2307389542182276;bk;FALSE
MRP;2307389542182276;cu;FALSE
MRP;2307389542182276;fr;FALSE
MRP;2307389542182276;in;FALSE
MRP;2307389542182276;ou;FALSE
MRP;2307389542182276;sw;FALSE
MRP;2307389542181937;bk;FALSE
MRP;2307389542181937;cu;FALSE
MRP;2307389542181937;e1;FALSE
MRP;2307389542181937;fr;FALSE
MRP;2307389542181937;in;FALSE
MRP;2307389542181937;ou;FALSE
MRP;2307389542181937;sw;FALSE
MRP;2307389542181835;bk;FALSE
MRP;2307389542181835;cu;FALSE
MRP;2307389542181835;e1;FALSE
MRP;2307389542181835;fr;FALSE
MRP;2307389542181835;in;FALSE
MRP;2307389542181835;ou;FALSE
MRP;2307389542181835;sw;FALSE
MRP;2307389542181692;bk;FALSE
MRP;2307389542181692;cu;FALSE
MRP;2307389542181692;e1;FALSE
MRP;2307389542181692;fr;FALSE
MRP;2307389542181692;in;FALSE
MRP;2307389542181692;ou;FALSE
MRP;2307389542181692;sw;FALSE
MRP;2307389542182295;bk;FALSE
MRP;2307389542182295;cu;FALSE
MRP;2307389542182295;e1;FALSE
MRP;2307389542182295;fr;FALSE
MRP;2307389542182295;in;FALSE
MRP;2307389542182295;ou;FALSE
MRP;2307389542182295;sw;FALSE
MRP;2307389542181057;bk;FALSE
MRP;2307389542181057;cu;FALSE
MRP;2307389542181057;e1;FALSE
MRP;2307389542181057;fr;FALSE
MRP;2307389542181057;in;FALSE
MRP;2307389542181057;ou;FALSE
MRP;2307389542181057;sw;FALSE
MRP;2307389542179552;bk;FALSE
MRP;2307389542179552;cu;FALSE
MRP;2307389542179552;e1;FALSE
MRP;2307389542179552;fr;FALSE
MRP;2307389542179552;in;FALSE
MRP;2307389542179552;ou;FALSE
MRP;2307389542179552;sw;FALSE
MRP;2307389542182225;bk;FALSE
MRP;2307389542182225;cu;FALSE
MRP;2307389542182225;e1;FALSE
MRP;2307389542182225;fr;FALSE
MRP;2307389542182225;in;FALSE
MRP;2307389542182225;ou;FALSE
MRP;2307389542182225;sw;FALSE
MRP;2307389542181834;bk;FALSE
MRP;2307389542181834;cu;FALSE
MRP;2307389542181834;e1;FALSE
MRP;2307389542181834;fr;FALSE
MRP;2307389542181834;in;FALSE
MRP;2307389542181834;ou;FALSE
MRP;2307389542181834;sw;FALSE
MRP;2307389542180960;bk;FALSE
MRP;2307389542180960;cu;FALSE
MRP;2307389542180960;e1;FALSE
MRP;2307389542180960;fr;FALSE
MRP;2307389542180960;in;FALSE
MRP;2307389542180960;ou;FALSE
MRP;2307389542180960;sw;FALSE
MRP;2307389542182202;bk;FALSE
MRP;2307389542182202;cu;FALSE
MRP;2307389542182202;e1;FALSE
MRP;2307389542182202;fr;FALSE
MRP;2307389542182202;in;FALSE
MRP;2307389542182202;ou;FALSE
MRP;2307389542182202;sw;FALSE
MRP;2307389542181981;bk;FALSE
MRP;2307389542181981;cu;FALSE
MRP;2307389542181981;e1;FALSE
MRP;2307389542181981;fr;FALSE
MRP;2307389542181981;in;FALSE
MRP;2307389542181981;ou;FALSE
MRP;2307389542181981;sw;FALSE
MRP;2307389542180598;bk;FALSE
MRP;2307389542180598;cu;FALSE
MRP;2307389542180598;e1;FALSE
MRP;2307389542180598;fr;FALSE
MRP;2307389542180598;in;FALSE
MRP;2307389542180598;ou;FALSE
MRP;2307389542180598;sw;FALSE
MRP;2307389542179819;cu;FALSE
MRP;2307389542179819;e1;FALSE
MRP;2307389542179819;in;FALSE
MRP;2307389542179819;sw;FALSE
MRP;2307389542180817;cu;FALSE
MRP;2307389542180817;in;FALSE
MRP;2307389542180817;ou;FALSE
MRP;2307389542180817;sw;FALSE
MRP;2307389542179672;cu;FALSE
MRP;2307389542179672;in;FALSE
MRP;2307389542179672;ou;FALSE
MRP;2307389542179672;sw;FALSE
MRP;2307389542181114;cu;FALSE
MRP;2307389542181114;e1;FALSE
MRP;2307389542181114;fr;FALSE
MRP;2307389542181114;in;FALSE
MRP;2307389542181114;sw;FALSE
MRP;2307389542181621;cu;FALSE
MRP;2307389542181621;e1;FALSE
MRP;2307389542181621;fr;FALSE
MRP;2307389542181621;in;FALSE
MRP;2307389542181621;sw;FALSE
MRP;2307389542182635;bk;FALSE
MRP;2307389542182635;cu;FALSE
MRP;2307389542182635;e1;FALSE
MRP;2307389542182635;fr;FALSE
MRP;2307389542182635;in;FALSE
MRP;2307389542182635;ou;FALSE
MRP;2307389542182635;sw;FALSE
MRP;2307389542181476;bk;FALSE
MRP;2307389542181476;cu;FALSE
MRP;2307389542181476;e1;FALSE
MRP;2307389542181476;fr;FALSE
MRP;2307389542181476;in;FALSE
MRP;2307389542181476;ou;FALSE
MRP;2307389542181476;sw;FALSE
MRP;2307389542182651;bk;FALSE
MRP;2307389542182651;cu;FALSE
MRP;2307389542182651;e1;FALSE
MRP;2307389542182651;fr;FALSE
MRP;2307389542182651;in;FALSE
MRP;2307389542182651;ou;FALSE
MRP;2307389542182651;sw;FALSE
MRP;2307389542181926;bk;FALSE
MRP;2307389542181926;cu;FALSE
MRP;2307389542181926;e1;FALSE
MRP;2307389542181926;fr;FALSE
MRP;2307389542181926;in;FALSE
MRP;2307389542181926;ou;FALSE
MRP;2307389542179695;bk;FALSE
MRP;2307389542179695;cu;FALSE
MRP;2307389542179695;e1;FALSE
MRP;2307389542179695;fr;FALSE
MRP;2307389542179695;in;FALSE
MRP;2307389542179695;ou;FALSE
MRP;2307389542179695;sw;FALSE
MRP;2307389542180611;bk;FALSE
MRP;2307389542180611;cu;FALSE
MRP;2307389542180611;e1;FALSE
MRP;2307389542180611;fr;FALSE
MRP;2307389542180611;in;FALSE
MRP;2307389542180611;ou;FALSE
MRP;2307389542180611;sw;FALSE
MRP;2307389542180619;bk;FALSE
MRP;2307389542180619;cu;FALSE
MRP;2307389542180619;e1;FALSE
MRP;2307389542180619;fr;FALSE
MRP;2307389542180619;in;FALSE
MRP;2307389542180619;ou;FALSE
MRP;2307389542180619;sw;FALSE
MRP;2307389542182226;bk;FALSE
MRP;2307389542182226;cu;FALSE
MRP;2307389542182226;e1;FALSE
MRP;2307389542182226;fr;FALSE
MRP;2307389542182226;in;FALSE
MRP;2307389542182226;ou;FALSE
MRP;2307389542182226;sw;FALSE
MRP;2307389542182578;bk;FALSE
MRP;2307389542182578;cu;FALSE
MRP;2307389542182578;e1;FALSE
MRP;2307389542182578;fr;FALSE
MRP;2307389542182578;in;FALSE
MRP;2307389542182578;ou;FALSE
MRP;2307389542182578;sw;FALSE
MRP;2307389542181349;bk;FALSE
MRP;2307389542181349;cu;FALSE
MRP;2307389542181349;e1;FALSE
MRP;2307389542181349;fr;FALSE
MRP;2307389542181349;in;FALSE
MRP;2307389542181349;ou;FALSE
MRP;2307389542181349;sw;FALSE
MRP;2307389542182509;bk;FALSE
MRP;2307389542182509;cu;FALSE
MRP;2307389542182509;e1;FALSE
MRP;2307389542182509;fr;FALSE
MRP;2307389542182509;in;FALSE
MRP;2307389542182509;ou;FALSE
MRP;2307389542182509;sw;FALSE
MRP;2307389542179769;bk;FALSE
MRP;2307389542179769;cu;FALSE
MRP;2307389542179769;e1;FALSE
MRP;2307389542179769;fr;FALSE
MRP;2307389542179769;in;FALSE
MRP;2307389542179769;ou;FALSE
MRP;2307389542179769;sw;FALSE
MRP;2307389542182512;bk;FALSE
MRP;2307389542182512;cu;FALSE
MRP;2307389542182512;e1;FALSE
MRP;2307389542182512;fr;FALSE
MRP;2307389542182512;in;FALSE
MRP;2307389542182512;ou;FALSE
MRP;2307389542182512;sw;FALSE
MRP;2307389542180685;bk;FALSE
MRP;2307389542180685;cu;FALSE
MRP;2307389542180685;e1;FALSE
MRP;2307389542180685;fr;FALSE
MRP;2307389542180685;in;FALSE
MRP;2307389542180685;ou;FALSE
MRP;2307389542180685;sw;FALSE
MRP;2307389542181198;bk;FALSE
MRP;2307389542181198;cu;FALSE
MRP;2307389542181198;e1;FALSE
MRP;2307389542181198;fr;FALSE
MRP;2307389542181198;in;FALSE
MRP;2307389542181198;ou;FALSE
MRP;2307389542181198;sw;FALSE
MRP;2307389542181852;cu;FALSE
MRP;2307389542181852;e1;FALSE
MRP;2307389542181852;fr;FALSE
MRP;2307389542181852;in;FALSE
MRP;2307389542181852;sw;FALSE
MRP;2307389542179548;cu;FALSE
MRP;2307389542179548;in;FALSE
MRP;2307389542179548;ou;FALSE
MRP;2307389542179548;sw;FALSE
MRP;2307389542181204;cu;FALSE
MRP;2307389542181204;in;FALSE
MRP;2307389542181204;ou;FALSE
MRP;2307389542181204;sw;FALSE
MRP;2307389542179617;cu;FALSE
MRP;2307389542179617;in;FALSE
MRP;2307389542179617;ou;FALSE
MRP;2307389542179617;sw;FALSE
MRP;2307389542181344;cu;FALSE
MRP;2307389542181344;in;FALSE
MRP;2307389542181344;ou;FALSE
MRP;2307389542181344;sw;FALSE
MRP;2307389542180613;cu;FALSE
MRP;2307389542180613;in;FALSE
MRP;2307389542180613;ou;FALSE
MRP;2307389542180613;sw;FALSE
MRP;2307389542179696;cu;FALSE
MRP;2307389542179696;in;FALSE
MRP;2307389542179696;ou;FALSE
MRP;2307389542179696;sw;FALSE
MRP;990541377645990;bk;FALSE
MRP;990541377645990;cu;FALSE
MRP;990541377645990;e1;FALSE
MRP;990541377645990;in;FALSE
MRP;990541377645990;ou;FALSE
MRP;990541377645990;sw;FALSE
MRP;5756269973076679;bk;FALSE
MRP;5756269973076679;cu;FALSE
MRP;5756269973076679;e1;FALSE
MRP;5756269973076679;fr;FALSE
MRP;5756269973076679;in;FALSE
MRP;5756269973076679;ou;FALSE
MRP;5756269973076679;sw;FALSE
MRP;5526882328103898;bk;FALSE
MRP;5526882328103898;cu;FALSE
MRP;5526882328103898;e1;FALSE
MRP;5526882328103898;fr;FALSE
MRP;5526882328103898;in;FALSE
MRP;5526882328103898;ou;FALSE
MRP;5526882328103898;sw;FALSE
MRP;5526882328114169;bk;FALSE
MRP;5526882328114169;cu;FALSE
MRP;5526882328114169;e1;FALSE
MRP;5526882328114169;fr;FALSE
MRP;5526882328114169;in;FALSE
MRP;5526882328114169;ou;FALSE
MRP;5526882328114169;sw;FALSE
MRP;5526882328114156;bk;FALSE
MRP;5526882328114156;cu;FALSE
MRP;5526882328114156;e1;FALSE
MRP;5526882328114156;fr;FALSE
MRP;5526882328114156;in;FALSE
MRP;5526882328114156;ou;FALSE
MRP;5526882328114156;sw;FALSE
MRP;5526882328114192;bk;FALSE
MRP;5526882328114192;cu;FALSE
MRP;5526882328114192;e1;FALSE
MRP;5526882328114192;fr;FALSE
MRP;5526882328114192;in;FALSE
MRP;5526882328114192;ou;FALSE
MRP;5526882328114192;sw;FALSE
MRP;5526882328114179;bk;FALSE
MRP;5526882328114179;cu;FALSE
MRP;5526882328114179;e1;FALSE
MRP;5526882328114179;fr;FALSE
MRP;5526882328114179;in;FALSE
MRP;5526882328114179;ou;FALSE
MRP;5526882328114179;sw;FALSE
MRP;5526882328114189;bk;FALSE
MRP;5526882328114189;cu;FALSE
MRP;5526882328114189;e1;FALSE
MRP;5526882328114189;fr;FALSE
MRP;5526882328114189;in;FALSE
MRP;5526882328114189;ou;FALSE
MRP;5526882328114189;sw;FALSE
MRP;5526882328114146;bk;FALSE
MRP;5526882328114146;cu;FALSE
MRP;5526882328114146;e1;FALSE
MRP;5526882328114146;fr;FALSE
MRP;5526882328114146;in;FALSE
MRP;5526882328114146;ou;FALSE
MRP;5526882328114146;sw;FALSE
MRP;5526882328114168;bk;FALSE
MRP;5526882328114168;cu;FALSE
MRP;5526882328114168;e1;FALSE
MRP;5526882328114168;fr;FALSE
MRP;5526882328114168;in;FALSE
MRP;5526882328114168;ou;FALSE
MRP;5526882328114168;sw;FALSE
MRP;5526882328103869;bk;FALSE
MRP;5526882328103869;cu;FALSE
MRP;5526882328103869;e1;FALSE
MRP;5526882328103869;fr;FALSE
MRP;5526882328103869;in;FALSE
MRP;5526882328103869;ou;FALSE
MRP;5526882328103869;sw;FALSE
MRP;5526882328114143;bk;FALSE
MRP;5526882328114143;cu;FALSE
MRP;5526882328114143;e1;FALSE
MRP;5526882328114143;fr;FALSE
MRP;5526882328114143;in;FALSE
MRP;5526882328114143;ou;FALSE
MRP;5526882328114143;sw;FALSE
MRP;5526882328103856;bk;FALSE
MRP;5526882328103856;cu;FALSE
MRP;5526882328103856;e1;FALSE
MRP;5526882328103856;fr;FALSE
MRP;5526882328103856;in;FALSE
MRP;5526882328103856;ou;FALSE
MRP;5526882328103856;sw;FALSE
MRP;5526882328103871;bk;FALSE
MRP;5526882328103871;cu;FALSE
MRP;5526882328103871;e1;FALSE
MRP;5526882328103871;fr;FALSE
MRP;5526882328103871;in;FALSE
MRP;5526882328103871;ou;FALSE
MRP;5526882328103871;sw;FALSE
MRP;5526882328114149;bk;FALSE
MRP;5526882328114149;cu;FALSE
MRP;5526882328114149;e1;FALSE
MRP;5526882328114149;fr;FALSE
MRP;5526882328114149;in;FALSE
MRP;5526882328114149;ou;FALSE
MRP;5526882328114149;sw;FALSE
MRP;5526882328114157;bk;FALSE
MRP;5526882328114157;cu;FALSE
MRP;5526882328114157;e1;FALSE
MRP;5526882328114157;fr;FALSE
MRP;5526882328114157;in;FALSE
MRP;5526882328114157;ou;FALSE
MRP;5526882328114157;sw;FALSE
MRP;5526882328114171;bk;FALSE
MRP;5526882328114171;cu;FALSE
MRP;5526882328114171;e1;FALSE
MRP;5526882328114171;fr;FALSE
MRP;5526882328114171;in;FALSE
MRP;5526882328114171;ou;FALSE
MRP;5526882328114171;sw;FALSE
MRP;5526882328103854;bk;FALSE
MRP;5526882328103854;cu;FALSE
MRP;5526882328103854;e1;FALSE
MRP;5526882328103854;fr;FALSE
MRP;5526882328103854;in;FALSE
MRP;5526882328103854;ou;FALSE
MRP;5526882328103854;sw;FALSE
MRP;5526882328103897;bk;FALSE
MRP;5526882328103897;cu;FALSE
MRP;5526882328103897;e1;FALSE
MRP;5526882328103897;fr;FALSE
MRP;5526882328103897;in;FALSE
MRP;5526882328103897;ou;FALSE
MRP;5526882328103897;sw;FALSE
MRP;5526882328103874;bk;FALSE
MRP;5526882328103874;cu;FALSE
MRP;5526882328103874;e1;FALSE
MRP;5526882328103874;e2;FALSE
MRP;5526882328103874;fr;FALSE
MRP;5526882328103874;in;FALSE
MRP;5526882328103874;ou;FALSE
MRP;5526882328103874;sw;FALSE
MRP;5526882328114145;cu;FALSE
MRP;5526882328114145;fr;FALSE
MRP;5526882328114145;in;FALSE
MRP;5526882328114145;ou;FALSE
MRP;5526882328114145;sw;FALSE
MRP;5526882328114153;bk;FALSE
MRP;5526882328114153;cu;FALSE
MRP;5526882328114153;in;FALSE
MRP;5526882328114153;ou;FALSE
MRP;5526882328114153;sw;FALSE
MRP;5526882328114140;bk;FALSE
MRP;5526882328114140;cu;FALSE
MRP;5526882328114140;in;FALSE
MRP;5526882328114140;ou;FALSE
MRP;5526882328114140;sw;FALSE
MRP;5983760398332582;bk;FALSE
MRP;5983760398332582;cu;FALSE
MRP;5983760398332582;e1;FALSE
MRP;5983760398332582;in;FALSE
MRP;5983760398332582;sw;FALSE
MRP;5983760398332550;bk;FALSE
MRP;5983760398332550;cu;FALSE
MRP;5983760398332550;e1;FALSE
MRP;5983760398332550;in;FALSE
MRP;5983760398332550;sw;FALSE
MRP;5983760398332571;bk;FALSE
MRP;5983760398332571;cu;FALSE
MRP;5983760398332571;e1;FALSE
MRP;5983760398332571;in;FALSE
MRP;5983760398332571;sw;FALSE
MRP;5983760397928262;bk;FALSE
MRP;5983760397928262;e1;FALSE
MRP;5983760397928262;fr;FALSE
MRP;5983760397928262;in;FALSE
MRP;5983760397928262;sw;FALSE
MRP;5983760398023937;bk;FALSE
MRP;5983760398023937;cu;FALSE
MRP;5983760398023937;e1;FALSE
MRP;5983760398023937;in;FALSE
MRP;5983760398023937;sw;FALSE
MRP;2944798053791373;bk;FALSE
MRP;2944798053791373;cu;FALSE
MRP;2944798053791373;e1;FALSE
MRP;2944798053791373;fr;FALSE
MRP;2944798053791373;in;FALSE
MRP;2944798053791373;ou;FALSE
MRP;2944798053791373;sw;FALSE
MRP;2944798053791351;bk;FALSE
MRP;2944798053791351;cu;FALSE
MRP;2944798053791351;e1;FALSE
MRP;2944798053791351;fr;FALSE
MRP;2944798053791351;in;FALSE
MRP;2944798053791351;ou;FALSE
MRP;2944798053791351;sw;FALSE
MRP;2944798053791377;bk;FALSE
MRP;2944798053791377;cu;FALSE
MRP;2944798053791377;e1;FALSE
MRP;2944798053791377;e2;FALSE
MRP;2944798053791377;fr;FALSE
MRP;2944798053791377;in;FALSE
MRP;2944798053791377;ou;FALSE
MRP;2944798053791377;sw;FALSE
MRP;2944798053791343;bk;FALSE
MRP;2944798053791343;cu;FALSE
MRP;2944798053791343;e1;FALSE
MRP;2944798053791343;fr;FALSE
MRP;2944798053791343;in;FALSE
MRP;2944798053791343;ou;FALSE
MRP;2944798053791343;sw;FALSE
MRP;2944798053791374;bk;FALSE
MRP;2944798053791374;cu;FALSE
MRP;2944798053791374;e1;FALSE
MRP;2944798053791374;e2;FALSE
MRP;2944798053791374;fr;FALSE
MRP;2944798053791374;in;FALSE
MRP;2944798053791374;ou;FALSE
MRP;2944798053791374;sw;FALSE
MRP;2944798053791342;bk;FALSE
MRP;2944798053791342;cu;FALSE
MRP;2944798053791342;e1;FALSE
MRP;2944798053791342;fr;FALSE
MRP;2944798053791342;in;FALSE
MRP;2944798053791342;ou;FALSE
MRP;2944798053791342;sw;FALSE
MRP;2944798053791358;bk;FALSE
MRP;2944798053791358;cu;FALSE
MRP;2944798053791358;e1;FALSE
MRP;2944798053791358;e2;FALSE
MRP;2944798053791358;fr;FALSE
MRP;2944798053791358;in;FALSE
MRP;2944798053791358;ou;FALSE
MRP;2944798053791358;sw;FALSE
MRP;2944798053791367;bk;FALSE
MRP;2944798053791367;cu;FALSE
MRP;2944798053791367;e1;FALSE
MRP;2944798053791367;e2;FALSE
MRP;2944798053791367;fr;FALSE
MRP;2944798053791367;in;FALSE
MRP;2944798053791367;ou;FALSE
MRP;2944798053791367;sw;FALSE
MRP;2944798053791353;bk;FALSE
MRP;2944798053791353;cu;FALSE
MRP;2944798053791353;e1;FALSE
MRP;2944798053791353;fr;FALSE
MRP;2944798053791353;in;FALSE
MRP;2944798053791353;ou;FALSE
MRP;2944798053791353;sw;FALSE
MRP;2944798053791348;bk;FALSE
MRP;2944798053791348;cu;FALSE
MRP;2944798053791348;e1;FALSE
MRP;2944798053791348;fr;FALSE
MRP;2944798053791348;in;FALSE
MRP;2944798053791348;ou;FALSE
MRP;2944798053791348;sw;FALSE
MRP;2944798053791372;bk;FALSE
MRP;2944798053791372;cu;FALSE
MRP;2944798053791372;e1;FALSE
MRP;2944798053791372;fr;FALSE
MRP;2944798053791372;in;FALSE
MRP;2944798053791372;ou;FALSE
MRP;2944798053791372;sw;FALSE
MRP;2944798053791382;bk;FALSE
MRP;2944798053791382;cu;FALSE
MRP;2944798053791382;e1;FALSE
MRP;2944798053791382;fr;FALSE
MRP;2944798053791382;in;FALSE
MRP;2944798053791382;ou;FALSE
MRP;2944798053791382;sw;FALSE
MRP;2944798053791371;bk;FALSE
MRP;2944798053791371;cu;FALSE
MRP;2944798053791371;e1;FALSE
MRP;2944798053791371;fr;FALSE
MRP;2944798053791371;in;FALSE
MRP;2944798053791371;ou;FALSE
MRP;2944798053791371;sw;FALSE
